∀ for all 	universal quantifier	2200
∁ complement 	u+2201	2201
∂ partial differential 	u+2202	2202
∃ there exists 	existential quantifier	2203
∄ there does not exist 	u+2204	2204
∅ empty set 	null set	2205
∆ increment 	laplace operator , forward difference , symmetric difference (in set theory)	2206
∇ nabla 	backward difference , gradient, del	2207
∈ element of 	u+2208	2208
∉ not an element of 	u+2209	2209
∊ small element of 	u+220a	220a
∋ contains as member 	such that	220b
∌ does not contain as member 	u+220c	220c
∍ small contains as member 	u+220d	220d
∎ end of proof 	q.e.d.	220e
∏ n-ary product 	product sign	220f
∐ n-ary coproduct 	coproduct sign	2210
∑ n-ary summation 	summation sign	2211
− minus sign 	u+2212	2212
∓ minus-or-plus sign 	u+2213	2213
∔ dot plus 	u+2214	2214
∕ division slash 	u+2215	2215
∖ set minus 	u+2216	2216
∗ asterisk operator 	u+2217	2217
∘ ring operator 	composite function , apl jot	2218
∙ bullet operator 	u+2219	2219
√ square root 	radical sign	221a
∛ cube root 	u+221b	221b
∜ fourth root 	u+221c	221c
∝ proportional to 	u+221d	221d
∞ infinity 	u+221e	221e
∟ right angle 	u+221f	221f
∠ angle 	u+2220	2220
∡ measured angle 	u+2221	2221
∢ spherical angle 	angle arc	2222
∣ divides 	such that , apl stile	2223
∤ does not divide 	u+2224	2224
∥ parallel to 	u+2225	2225
∦ not parallel to 	u+2226	2226
∧ logical and 	wedge, conjunction	2227
∨ logical or 	vee, disjunction	2228
∩ intersection 	cap, hat	2229
∪ union 	cup	222a
∫ integral 	u+222b	222b
∬ double integral 	u+222c	222c
∭ triple integral 	u+222d	222d
∮ contour integral 	u+222e	222e
∯ surface integral 	u+222f	222f
∰ volume integral 	u+2230	2230
∱ clockwise integral 	u+2231	2231
∲ clockwise contour integral 	u+2232	2232
∳ anticlockwise contour integral 	u+2233	2233
∴ therefore 	u+2234	2234
∵ because 	u+2235	2235
∶ ratio 	u+2236	2236
∷ proportion 	u+2237	2237
∸ dot minus 	saturating subtraction	2238
∹ excess 	u+2239	2239
∺ geometric proportion 	u+223a	223a
∻ homothetic 	u+223b	223b
∼ tilde operator 	varies with (proportional to) , difference between , similar to , not , cycle , apl tilde	223c
∽ reversed tilde 	lazy s	223d
∾ inverted lazy s 	most positive	223e
∿ sine wave 	alternating current	223f
≀ wreath product 	u+2240	2240
≁ not tilde 	u+2241	2241
≂ minus tilde 	u+2242	2242
≃ asymptotically equal to 	u+2243	2243
≄ not asymptotically equal to 	u+2244	2244
≅ approximately equal to 	u+2245	2245
≆ approximately but not actually equal to 	u+2246	2246
≇ neither approximately nor actually equal to 	u+2247	2247
≈ almost equal to 	asymptotic to	2248
≉ not almost equal to 	u+2249	2249
≊ almost equal or equal to 	u+224a	224a
≋ triple tilde 	libra	224b
≌ all equal to 	u+224c	224c
≍ equivalent to 	u+224d	224d
≎ geometrically equivalent to 	u+224e	224e
≏ difference between 	u+224f	224f
≐ approaches the limit 	u+2250	2250
≑ geometrically equal to 	u+2251	2251
≒ approximately equal to or the image of 	nearly equals	2252
≓ image of or approximately equal to 	u+2253	2253
≔ colon equals 	u+2254	2254
≕ equals colon 	u+2255	2255
≖ ring in equal to 	u+2256	2256
≗ ring equal to 	approximately equal to	2257
≘ corresponds to 	u+2258	2258
≙ estimates 	corresponds to	2259
≚ equiangular to 	u+225a	225a
≛ star equals 	u+225b	225b
≜ delta equal to 	equiangular , equal to by definition	225c
≝ equal to by definition 	u+225d	225d
≞ measured by 	u+225e	225e
≟ questioned equal to 	u+225f	225f
≠ not equal to 	u+2260	2260
≡ identical to 	u+2261	2261
≢ not identical to 	u+2262	2262
≣ strictly equivalent to 	u+2263	2263
≤ less-than or equal to 	u+2264	2264
≥ greater-than or equal to 	u+2265	2265
≦ less-than over equal to 	u+2266	2266
≧ greater-than over equal to 	u+2267	2267
≨ less-than but not equal to 	u+2268	2268
≩ greater-than but not equal to 	u+2269	2269
≪ much less-than 	u+226a	226a
≫ much greater-than 	u+226b	226b
≬ between 	plaintiff, quantic	226c
≭ not equivalent to 	u+226d	226d
≮ not less-than 	u+226e	226e
≯ not greater-than 	u+226f	226f
≰ neither less-than nor equal to 	u+2270	2270
≱ neither greater-than nor equal to 	u+2271	2271
≲ less-than or equivalent to 	u+2272	2272
≳ greater-than or equivalent to 	u+2273	2273
≴ neither less-than nor equivalent to 	u+2274	2274
≵ neither greater-than nor equivalent to 	u+2275	2275
≶ less-than or greater-than 	u+2276	2276
≷ greater-than or less-than 	u+2277	2277
≸ neither less-than nor greater-than 	u+2278	2278
≹ neither greater-than nor less-than 	u+2279	2279
≺ precedes 	lower rank than	227a
≻ succeeds 	higher rank than	227b
≼ precedes or equal to 	u+227c	227c
≽ succeeds or equal to 	u+227d	227d
≾ precedes or equivalent to 	u+227e	227e
≿ succeeds or equivalent to 	u+227f	227f
⊀ does not precede 	u+2280	2280
⊁ does not succeed 	u+2281	2281
⊂ subset of 	included in set	2282
⊃ superset of 	includes in set	2283
⊄ not a subset of 	u+2284	2284
⊅ not a superset of 	u+2285	2285
⊆ subset of or equal to 	u+2286	2286
⊇ superset of or equal to 	u+2287	2287
⊈ neither a subset of nor equal to 	u+2288	2288
⊉ neither a superset of nor equal to 	u+2289	2289
⊊ subset of with not equal to 	u+228a	228a
⊋ superset of with not equal to 	u+228b	228b
⊌ multiset 	u+228c	228c
⊍ multiset multiplication 	u+228d	228d
⊎ multiset union 	z notation bag addition	228e
⊏ square image of 	u+228f	228f
⊐ square original of 	u+2290	2290
⊑ square image of or equal to 	u+2291	2291
⊒ square original of or equal to 	u+2292	2292
⊓ square cap 	u+2293	2293
⊔ square cup 	u+2294	2294
⊕ circled plus 	direct sum , vector pointing into page	2295
⊖ circled minus 	symmetric difference	2296
⊗ circled times 	tensor product , vector pointing into page	2297
⊘ circled division slash 	ban, disable	2298
⊙ circled dot operator 	direct product , vector pointing out of page	2299
⊚ circled ring operator 	u+229a	229a
⊛ circled asterisk operator 	new year, christmas	229b
⊜ circled equals 	u+229c	229c
⊝ circled dash 	u+229d	229d
⊞ squared plus 	u+229e	229e
⊟ squared minus 	u+229f	229f
⊠ squared times 	u+22a0	22a0
⊡ squared dot operator 	u+22a1	22a1
⊢ right tack 	turnstile , proves, implies, yields , reducible	22a2
⊣ left tack 	reverse turnstile , non-theorem, does not yield	22a3
⊤ down tack 	top	22a4
⊥ up tack 	base, bottom	22a5
⊦ assertion 	reduces to	22a6
⊧ models 	u+22a7	22a7
⊨ true 	statement is true, valid , is a tautology , satisfies , results in	22a8
⊩ forces 	u+22a9	22a9
⊪ triple vertical bar right turnstile 	u+22aa	22aa
⊫ double vertical bar double right turnstile 	u+22ab	22ab
⊬ does not prove 	u+22ac	22ac
⊭ not true 	u+22ad	22ad
⊮ does not force 	u+22ae	22ae
⊯ negated double vertical bar double right turnstile 	u+22af	22af
⊰ precedes under relation 	u+22b0	22b0
⊱ succeeds under relation 	u+22b1	22b1
⊲ normal subgroup of 	u+22b2	22b2
⊳ contains as normal subgroup 	u+22b3	22b3
⊴ normal subgroup of or equal to 	u+22b4	22b4
⊵ contains as normal subgroup or equal to 	u+22b5	22b5
⊶ original of 	u+22b6	22b6
⊷ image of 	u+22b7	22b7
⊸ multimap 	u+22b8	22b8
⊹ hermitian conjugate matrix 	u+22b9	22b9
⊺ intercalate 	u+22ba	22ba
⊻ xor 	u+22bb	22bb
⊼ nand 	u+22bc	22bc
⊽ nor 	u+22bd	22bd
⊾ right angle with arc 	u+22be	22be
⊿ right triangle 	u+22bf	22bf
⋀ n-ary logical and 	u+22c0	22c0
⋁ n-ary logical or 	u+22c1	22c1
⋂ n-ary intersection 	z notation generalised intersection	22c2
⋃ n-ary union 	z notation generalised union	22c3
⋄ diamond operator 	u+22c4	22c4
⋅ dot operator 	u+22c5	22c5
⋆ star operator 	u+22c6	22c6
⋇ division times 	u+22c7	22c7
⋈ bowtie 	u+22c8	22c8
⋉ left normal factor semidirect product 	u+22c9	22c9
⋊ right normal factor semidirect product 	u+22ca	22ca
⋋ left semidirect product 	u+22cb	22cb
⋌ right semidirect product 	u+22cc	22cc
⋍ reversed tilde equals 	u+22cd	22cd
⋎ curly logical or 	u+22ce	22ce
⋏ curly logical and 	u+22cf	22cf
⋐ double subset 	u+22d0	22d0
⋑ double superset 	u+22d1	22d1
⋒ double intersection 	u+22d2	22d2
⋓ double union 	u+22d3	22d3
⋔ pitchfork 	proper intersection	22d4
⋕ equal and parallel to 	u+22d5	22d5
⋖ less-than with dot 	u+22d6	22d6
⋗ greater-than with dot 	u+22d7	22d7
⋘ very much less-than 	u+22d8	22d8
⋙ very much greater-than 	u+22d9	22d9
⋚ less-than equal to or greater-than 	u+22da	22da
⋛ greater-than equal to or less-than 	u+22db	22db
⋜ equal to or less-than 	u+22dc	22dc
⋝ equal to or greater-than 	u+22dd	22dd
⋞ equal to or precedes 	u+22de	22de
⋟ equal to or succeeds 	u+22df	22df
⋠ does not precede or equal 	u+22e0	22e0
⋡ does not succeed or equal 	u+22e1	22e1
⋢ not square image of or equal to 	u+22e2	22e2
⋣ not square original of or equal to 	u+22e3	22e3
⋤ square image of or not equal to 	u+22e4	22e4
⋥ square original of or not equal to 	u+22e5	22e5
⋦ less-than but not equivalent to 	u+22e6	22e6
⋧ greater-than but not equivalent to 	u+22e7	22e7
⋨ precedes but not equivalent to 	u+22e8	22e8
⋩ succeeds but not equivalent to 	u+22e9	22e9
⋪ not normal subgroup of 	u+22ea	22ea
⋫ does not contain as normal subgroup 	u+22eb	22eb
⋬ not normal subgroup of or equal to 	u+22ec	22ec
⋭ does not contain as normal subgroup or equal 	u+22ed	22ed
⋮ vertical ellipsis 	u+22ee	22ee
⋯ midline horizontal ellipsis 	u+22ef	22ef
⋰ up right diagonal ellipsis 	u+22f0	22f0
⋱ down right diagonal ellipsis 	u+22f1	22f1
⋲ element of with long horizontal stroke 	u+22f2	22f2
⋳ element of with vertical bar at end of horizontal stroke 	u+22f3	22f3
⋴ small element of with vertical bar at end of horizontal stroke 	u+22f4	22f4
⋵ element of with dot above 	u+22f5	22f5
⋶ element of with overbar 	u+22f6	22f6
⋷ small element of with overbar 	u+22f7	22f7
⋸ element of with underbar 	u+22f8	22f8
⋹ element of with two horizontal strokes 	u+22f9	22f9
⋺ contains with long horizontal stroke 	u+22fa	22fa
⋻ contains with vertical bar at end of horizontal stroke 	u+22fb	22fb
⋼ small contains with vertical bar at end of horizontal stroke 	u+22fc	22fc
⋽ contains with overbar 	u+22fd	22fd
⋾ small contains with overbar 	u+22fe	22fe
⋿ z notation bag membership 	u+22ff	22ff
⟀ three dimensional angle 	u+27c0	27c0
⟁ white triangle containing small white triangle 	u+27c1	27c1
⟂ perpendicular 	orthogonal to	27c2
⟃ open subset 	u+27c3	27c3
⟄ open superset 	u+27c4	27c4
⟅ left s-shaped bag delimiter 	u+27c5	27c5
⟆ right s-shaped bag delimiter 	u+27c6	27c6
⟇ or with dot inside 	u+27c7	27c7
⟈ reverse solidus preceding subset 	u+27c8	27c8
⟉ superset preceding solidus 	u+27c9	27c9
⟊ vertical bar with horizontal stroke 	u+27ca	27ca
⟋ mathematical rising diagonal 	\diagup	27cb
⟌ long division 	u+27cc	27cc
⟍ mathematical falling diagonal 	\diagdown	27cd
⟎ squared logical and 	box min	27ce
⟏ squared logical or 	box max	27cf
⟐ white diamond with centred dot 	u+27d0	27d0
⟑ and with dot 	u+27d1	27d1
⟒ element of opening upwards 	u+27d2	27d2
⟓ lower right corner with dot 	pullback	27d3
⟔ upper left corner with dot 	pushout	27d4
⟕ left outer join 	u+27d5	27d5
⟖ right outer join 	u+27d6	27d6
⟗ full outer join 	u+27d7	27d7
⟘ large up tack 	u+27d8	27d8
⟙ large down tack 	u+27d9	27d9
⟚ left and right double turnstile 	u+27da	27da
⟛ left and right tack 	u+27db	27db
⟜ left multimap 	u+27dc	27dc
⟝ long right tack 	u+27dd	27dd
⟞ long left tack 	u+27de	27de
⟟ up tack with circle above 	radial component	27df
⟠ lozenge divided by horizontal rule 	u+27e0	27e0
⟡ white concave-sided diamond 	never (modal operator)	27e1
⟢ white concave-sided diamond with leftwards tick 	was never (modal operator)	27e2
⟣ white concave-sided diamond with rightwards tick 	will never be (modal operator)	27e3
⟤ white square with leftwards tick 	was always (modal operator)	27e4
⟥ white square with rightwards tick 	will always be (modal operator)	27e5
⟦ mathematical left white square bracket 	z notation left bag bracket	27e6
⟧ mathematical right white square bracket 	z notation right bag bracket	27e7
⟨ mathematical left angle bracket 	bra, z notation left sequence bracket	27e8
⟩ mathematical right angle bracket 	ket, z notation right sequence bracket	27e9
⟪ mathematical left double angle bracket 	z notation left chevron bracket	27ea
⟫ mathematical right double angle bracket 	z notation right chevron bracket	27eb
⟬ mathematical left white tortoise shell bracket 	u+27ec	27ec
⟭ mathematical right white tortoise shell bracket 	u+27ed	27ed
⟮ mathematical left flattened parenthesis 	lgroup	27ee
⟯ mathematical right flattened parenthesis 	rgroup	27ef
⦀ triple vertical bar delimiter 	u+2980	2980
⦁ z notation spot 	u+2981	2981
⦂ z notation type colon 	u+2982	2982
⦃ left white curly bracket 	u+2983	2983
⦄ right white curly bracket 	u+2984	2984
⦅ left white parenthesis 	u+2985	2985
⦆ right white parenthesis 	u+2986	2986
⦇ z notation left image bracket 	u+2987	2987
⦈ z notation right image bracket 	u+2988	2988
⦉ z notation left binding bracket 	u+2989	2989
⦊ z notation right binding bracket 	u+298a	298a
⦋ left square bracket with underbar 	u+298b	298b
⦌ right square bracket with underbar 	u+298c	298c
⦍ left square bracket with tick in top corner 	u+298d	298d
⦎ right square bracket with tick in bottom corner 	u+298e	298e
⦏ left square bracket with tick in bottom corner 	u+298f	298f
⦐ right square bracket with tick in top corner 	u+2990	2990
⦑ left angle bracket with dot 	u+2991	2991
⦒ right angle bracket with dot 	u+2992	2992
⦓ left arc less-than bracket 	u+2993	2993
⦔ right arc greater-than bracket 	u+2994	2994
⦕ double left arc greater-than bracket 	u+2995	2995
⦖ double right arc less-than bracket 	u+2996	2996
⦗ left black tortoise shell bracket 	u+2997	2997
⦘ right black tortoise shell bracket 	u+2998	2998
⦙ dotted fence 	u+2999	2999
⦚ vertical zigzag line 	u+299a	299a
⦛ measured angle opening left 	u+299b	299b
⦜ right angle variant with square 	u+299c	299c
⦝ measured right angle with dot 	u+299d	299d
⦞ angle with s inside 	u+299e	299e
⦟ acute angle 	u+299f	299f
⦠ spherical angle opening left 	u+29a0	29a0
⦡ spherical angle opening up 	u+29a1	29a1
⦢ turned angle 	u+29a2	29a2
⦣ reversed angle 	u+29a3	29a3
⦤ angle with underbar 	u+29a4	29a4
⦥ reversed angle with underbar 	u+29a5	29a5
⦦ oblique angle opening up 	u+29a6	29a6
⦧ oblique angle opening down 	u+29a7	29a7
⦨ measured angle with open arm ending in arrow pointing up and right 	u+29a8	29a8
⦩ measured angle with open arm ending in arrow pointing up and left 	u+29a9	29a9
⦪ measured angle with open arm ending in arrow pointing down and right 	u+29aa	29aa
⦫ measured angle with open arm ending in arrow pointing down and left 	u+29ab	29ab
⦬ measured angle with open arm ending in arrow pointing right and up 	u+29ac	29ac
⦭ measured angle with open arm ending in arrow pointing left and up 	u+29ad	29ad
⦮ measured angle with open arm ending in arrow pointing right and down 	u+29ae	29ae
⦯ measured angle with open arm ending in arrow pointing left and down 	u+29af	29af
⦰ reversed empty set 	u+29b0	29b0
⦱ empty set with overbar 	u+29b1	29b1
⦲ empty set with small circle above 	u+29b2	29b2
⦳ empty set with right arrow above 	u+29b3	29b3
⦴ empty set with left arrow above 	u+29b4	29b4
⦵ circle with horizontal bar 	u+29b5	29b5
⦶ circled vertical bar 	u+29b6	29b6
⦷ circled parallel 	u+29b7	29b7
⦸ circled reverse solidus 	u+29b8	29b8
⦹ circled perpendicular 	u+29b9	29b9
⦺ circle divided by horizontal bar and top half divided by vertical bar 	u+29ba	29ba
⦻ circle with superimposed x 	u+29bb	29bb
⦼ circled anticlockwise-rotated division sign 	u+29bc	29bc
⦽ up arrow through circle 	u+29bd	29bd
⦾ circled white bullet 	u+29be	29be
⦿ circled bullet 	u+29bf	29bf
⧀ circled less-than 	u+29c0	29c0
⧁ circled greater-than 	u+29c1	29c1
⧂ circle with small circle to the right 	u+29c2	29c2
⧃ circle with two horizontal strokes to the right 	u+29c3	29c3
⧄ squared rising diagonal slash 	u+29c4	29c4
⧅ squared falling diagonal slash 	u+29c5	29c5
⧆ squared asterisk 	u+29c6	29c6
⧇ squared small circle 	u+29c7	29c7
⧈ squared square 	u+29c8	29c8
⧉ two joined squares 	u+29c9	29c9
⧊ triangle with dot above 	u+29ca	29ca
⧋ triangle with underbar 	u+29cb	29cb
⧌ s in triangle 	u+29cc	29cc
⧍ triangle with serifs at bottom 	u+29cd	29cd
⧎ right triangle above left triangle 	u+29ce	29ce
⧏ left triangle beside vertical bar 	u+29cf	29cf
⧐ vertical bar beside right triangle 	u+29d0	29d0
⧑ bowtie with left half black 	u+29d1	29d1
⧒ bowtie with right half black 	u+29d2	29d2
⧓ black bowtie 	u+29d3	29d3
⧔ times with left half black 	u+29d4	29d4
⧕ times with right half black 	u+29d5	29d5
⧖ white hourglass 	vertical bowtie , white framus	29d6
⧗ black hourglass 	u+29d7	29d7
⧘ left wiggly fence 	u+29d8	29d8
⧙ right wiggly fence 	u+29d9	29d9
⧚ left double wiggly fence 	u+29da	29da
⧛ right double wiggly fence 	u+29db	29db
⧜ incomplete infinity 	isotech entity &iinfin,	29dc
⧝ tie over infinity 	u+29dd	29dd
⧞ infinity negated with vertical bar 	u+29de	29de
⧟ double-ended multimap 	u+29df	29df
⧠ square with contoured outline 	d'alembertian	29e0
⧡ increases as 	u+29e1	29e1
⧢ shuffle product 	u+29e2	29e2
⧣ equals sign and slanted parallel 	u+29e3	29e3
⧤ equals sign and slanted parallel with tilde above 	u+29e4	29e4
⧥ identical to and slanted parallel 	u+29e5	29e5
⧦ gleich stark 	tautological equivalent	29e6
⧧ thermodynamic 	u+29e7	29e7
⧨ down-pointing triangle with left half black 	u+29e8	29e8
⧩ down-pointing triangle with right half black 	u+29e9	29e9
⧪ black diamond with down arrow 	u+29ea	29ea
⧫ black lozenge 	u+29eb	29eb
⧬ white circle with down arrow 	u+29ec	29ec
⧭ black circle with down arrow 	u+29ed	29ed
⧮ error-barred white square 	u+29ee	29ee
⧯ error-barred black square 	u+29ef	29ef
⧰ error-barred white diamond 	u+29f0	29f0
⧱ error-barred black diamond 	u+29f1	29f1
⧲ error-barred white circle 	u+29f2	29f2
⧳ error-barred black circle 	u+29f3	29f3
⧴ rule-delayed 	colon right arrow	29f4
⧵ reverse solidus operator 	u+29f5	29f5
⧶ solidus with overbar 	u+29f6	29f6
⧷ reverse solidus with horizontal stroke 	u+29f7	29f7
⧸ big solidus 	u+29f8	29f8
⧹ big reverse solidus 	z notation schema hiding	29f9
⧺ double plus 	u+29fa	29fa
⧻ triple plus 	u+29fb	29fb
⧼ left-pointing curved angle bracket 	u+29fc	29fc
⧽ right-pointing curved angle bracket 	u+29fd	29fd
⧾ tiny 	u+29fe	29fe
⧿ miny 	u+29ff	29ff
⨀ n-ary circled dot operator 	u+2a00	2a00
⨁ n-ary circled plus operator 	u+2a01	2a01
⨂ n-ary circled times operator 	u+2a02	2a02
⨃ n-ary union operator with dot 	u+2a03	2a03
⨄ n-ary union operator with plus 	u+2a04	2a04
⨅ n-ary square intersection operator 	u+2a05	2a05
⨆ n-ary square union operator 	u+2a06	2a06
⨇ two logical and operator 	merge	2a07
⨈ two logical or operator 	u+2a08	2a08
⨉ n-ary times operator 	u+2a09	2a09
⨊ modulo two sum 	u+2a0a	2a0a
⨋ summation with integral 	u+2a0b	2a0b
⨌ quadruple integral operator 	u+2a0c	2a0c
⨍ finite part integral 	u+2a0d	2a0d
⨎ integral with double stroke 	u+2a0e	2a0e
⨏ integral average with slash 	u+2a0f	2a0f
⨐ circulation function 	u+2a10	2a10
⨑ anticlockwise integration 	u+2a11	2a11
⨒ line integration with rectangular path around pole 	u+2a12	2a12
⨓ line integration with semicircular path around pole 	u+2a13	2a13
⨔ line integration not including the pole 	u+2a14	2a14
⨕ integral around a point operator 	u+2a15	2a15
⨖ quaternion integral operator 	u+2a16	2a16
⨗ integral with leftwards arrow with hook 	u+2a17	2a17
⨘ integral with times sign 	u+2a18	2a18
⨙ integral with intersection 	u+2a19	2a19
⨚ integral with union 	u+2a1a	2a1a
⨛ integral with overbar 	upper integral	2a1b
⨜ integral with underbar 	lower integral	2a1c
⨝ join 	large bowtie	2a1d
⨞ large left triangle operator 	u+2a1e	2a1e
⨟ z notation schema composition 	u+2a1f	2a1f
⨠ z notation schema piping 	u+2a20	2a20
⨡ z notation schema projection 	u+2a21	2a21
⨢ plus sign with small circle above 	u+2a22	2a22
⨣ plus sign with circumflex accent above 	u+2a23	2a23
⨤ plus sign with tilde above 	positive difference or sum	2a24
⨥ plus sign with dot below 	u+2a25	2a25
⨦ plus sign with tilde below 	sum or positive difference	2a26
⨧ plus sign with subscript two 	nim-addition	2a27
⨨ plus sign with black triangle 	u+2a28	2a28
⨩ minus sign with comma above 	u+2a29	2a29
⨪ minus sign with dot below 	u+2a2a	2a2a
⨫ minus sign with falling dots 	u+2a2b	2a2b
⨬ minus sign with rising dots 	u+2a2c	2a2c
⨭ plus sign in left half circle 	u+2a2d	2a2d
⨮ plus sign in right half circle 	u+2a2e	2a2e
⨯ vector or cross product 	u+2a2f	2a2f
⨰ multiplication sign with dot above 	u+2a30	2a30
⨱ multiplication sign with underbar 	u+2a31	2a31
⨲ semidirect product with bottom closed 	u+2a32	2a32
⨳ smash product 	u+2a33	2a33
⨴ multiplication sign in left half circle 	u+2a34	2a34
⨵ multiplication sign in right half circle 	u+2a35	2a35
⨶ circled multiplication sign with circumflex accent 	u+2a36	2a36
⨷ multiplication sign in double circle 	u+2a37	2a37
⨸ circled division sign 	u+2a38	2a38
⨹ plus sign in triangle 	u+2a39	2a39
⨺ minus sign in triangle 	u+2a3a	2a3a
⨻ multiplication sign in triangle 	u+2a3b	2a3b
⨼ interior product 	u+2a3c	2a3c
⨽ righthand interior product 	u+2a3d	2a3d
⨾ z notation relational composition 	u+2a3e	2a3e
⨿ amalgamation or coproduct 	u+2a3f	2a3f
⩀ intersection with dot 	u+2a40	2a40
⩁ union with minus sign 	z notation bag subtraction	2a41
⩂ union with overbar 	u+2a42	2a42
⩃ intersection with overbar 	u+2a43	2a43
⩄ intersection with logical and 	u+2a44	2a44
⩅ union with logical or 	u+2a45	2a45
⩆ union above intersection 	u+2a46	2a46
⩇ intersection above union 	u+2a47	2a47
⩈ union above bar above intersection 	u+2a48	2a48
⩉ intersection above bar above union 	u+2a49	2a49
⩊ union beside and joined with union 	u+2a4a	2a4a
⩋ intersection beside and joined with intersection 	u+2a4b	2a4b
⩌ closed union with serifs 	u+2a4c	2a4c
⩍ closed intersection with serifs 	u+2a4d	2a4d
⩎ double square intersection 	u+2a4e	2a4e
⩏ double square union 	u+2a4f	2a4f
⩐ closed union with serifs and smash product 	u+2a50	2a50
⩑ logical and with dot above 	u+2a51	2a51
⩒ logical or with dot above 	u+2a52	2a52
⩓ double logical and 	u+2a53	2a53
⩔ double logical or 	u+2a54	2a54
⩕ two intersecting logical and 	u+2a55	2a55
⩖ two intersecting logical or 	u+2a56	2a56
⩗ sloping large or 	u+2a57	2a57
⩘ sloping large and 	u+2a58	2a58
⩙ logical or overlapping logical and 	u+2a59	2a59
⩚ logical and with middle stem 	u+2a5a	2a5a
⩛ logical or with middle stem 	u+2a5b	2a5b
⩜ logical and with horizontal dash 	u+2a5c	2a5c
⩝ logical or with horizontal dash 	u+2a5d	2a5d
⩞ logical and with double overbar 	u+2a5e	2a5e
⩟ logical and with underbar 	u+2a5f	2a5f
⩠ logical and with double underbar 	u+2a60	2a60
⩡ small vee with underbar 	u+2a61	2a61
⩢ logical or with double overbar 	u+2a62	2a62
⩣ logical or with double underbar 	u+2a63	2a63
⩤ z notation domain antirestriction 	u+2a64	2a64
⩥ z notation range antirestriction 	u+2a65	2a65
⩦ equals sign with dot below 	u+2a66	2a66
⩧ identical with dot above 	u+2a67	2a67
⩨ triple horizontal bar with double vertical stroke 	identical and parallel to	2a68
⩩ triple horizontal bar with triple vertical stroke 	u+2a69	2a69
⩪ tilde operator with dot above 	u+2a6a	2a6a
⩫ tilde operator with rising dots 	u+2a6b	2a6b
⩬ similar minus similar 	u+2a6c	2a6c
⩭ congruent with dot above 	u+2a6d	2a6d
⩮ equals with asterisk 	u+2a6e	2a6e
⩯ almost equal to with circumflex accent 	u+2a6f	2a6f
⩰ approximately equal or equal to 	u+2a70	2a70
⩱ equals sign above plus sign 	u+2a71	2a71
⩲ plus sign above equals sign 	u+2a72	2a72
⩳ equals sign above tilde operator 	u+2a73	2a73
⩴ double colon equal 	u+2a74	2a74
⩵ two consecutive equals signs 	u+2a75	2a75
⩶ three consecutive equals signs 	u+2a76	2a76
⩷ equals sign with two dots above and two dots below 	u+2a77	2a77
⩸ equivalent with four dots above 	u+2a78	2a78
⩹ less-than with circle inside 	u+2a79	2a79
⩺ greater-than with circle inside 	u+2a7a	2a7a
⩻ less-than with question mark above 	u+2a7b	2a7b
⩼ greater-than with question mark above 	u+2a7c	2a7c
⩽ less-than or slanted equal to 	u+2a7d	2a7d
⩾ greater-than or slanted equal to 	u+2a7e	2a7e
⩿ less-than or slanted equal to with dot inside 	u+2a7f	2a7f
⪀ greater-than or slanted equal to with dot inside 	u+2a80	2a80
⪁ less-than or slanted equal to with dot above 	u+2a81	2a81
⪂ greater-than or slanted equal to with dot above 	u+2a82	2a82
⪃ less-than or slanted equal to with dot above right 	u+2a83	2a83
⪄ greater-than or slanted equal to with dot above left 	u+2a84	2a84
⪅ less-than or approximate 	u+2a85	2a85
⪆ greater-than or approximate 	u+2a86	2a86
⪇ less-than and single-line not equal to 	u+2a87	2a87
⪈ greater-than and single-line not equal to 	u+2a88	2a88
⪉ less-than and not approximate 	u+2a89	2a89
⪊ greater-than and not approximate 	u+2a8a	2a8a
⪋ less-than above double-line equal above greater-than 	u+2a8b	2a8b
⪌ greater-than above double-line equal above less-than 	u+2a8c	2a8c
⪍ less-than above similar or equal 	u+2a8d	2a8d
⪎ greater-than above similar or equal 	u+2a8e	2a8e
⪏ less-than above similar above greater-than 	u+2a8f	2a8f
⪐ greater-than above similar above less-than 	u+2a90	2a90
⪑ less-than above greater-than above double-line equal 	u+2a91	2a91
⪒ greater-than above less-than above double-line equal 	u+2a92	2a92
⪓ less-than above slanted equal above greater-than above slanted equal 	u+2a93	2a93
⪔ greater-than above slanted equal above less-than above slanted equal 	u+2a94	2a94
⪕ slanted equal to or less-than 	u+2a95	2a95
⪖ slanted equal to or greater-than 	u+2a96	2a96
⪗ slanted equal to or less-than with dot inside 	u+2a97	2a97
⪘ slanted equal to or greater-than with dot inside 	u+2a98	2a98
⪙ double-line equal to or less-than 	u+2a99	2a99
⪚ double-line equal to or greater-than 	u+2a9a	2a9a
⪛ double-line slanted equal to or less-than 	u+2a9b	2a9b
⪜ double-line slanted equal to or greater-than 	u+2a9c	2a9c
⪝ similar or less-than 	u+2a9d	2a9d
⪞ similar or greater-than 	u+2a9e	2a9e
⪟ similar above less-than above equals sign 	u+2a9f	2a9f
⪠ similar above greater-than above equals sign 	u+2aa0	2aa0
⪡ double nested less-than 	absolute continuity	2aa1
⪢ double nested greater-than 	u+2aa2	2aa2
⪣ double nested less-than with underbar 	u+2aa3	2aa3
⪤ greater-than overlapping less-than 	u+2aa4	2aa4
⪥ greater-than beside less-than 	u+2aa5	2aa5
⪦ less-than closed by curve 	u+2aa6	2aa6
⪧ greater-than closed by curve 	u+2aa7	2aa7
⪨ less-than closed by curve above slanted equal 	u+2aa8	2aa8
⪩ greater-than closed by curve above slanted equal 	u+2aa9	2aa9
⪪ smaller than 	u+2aaa	2aaa
⪫ larger than 	u+2aab	2aab
⪬ smaller than or equal to 	u+2aac	2aac
⪭ larger than or equal to 	u+2aad	2aad
⪮ equals sign with bumpy above 	u+2aae	2aae
⪯ precedes above single-line equals sign 	u+2aaf	2aaf
⪰ succeeds above single-line equals sign 	u+2ab0	2ab0
⪱ precedes above single-line not equal to 	u+2ab1	2ab1
⪲ succeeds above single-line not equal to 	u+2ab2	2ab2
⪳ precedes above equals sign 	u+2ab3	2ab3
⪴ succeeds above equals sign 	u+2ab4	2ab4
⪵ precedes above not equal to 	u+2ab5	2ab5
⪶ succeeds above not equal to 	u+2ab6	2ab6
⪷ precedes above almost equal to 	u+2ab7	2ab7
⪸ succeeds above almost equal to 	u+2ab8	2ab8
⪹ precedes above not almost equal to 	u+2ab9	2ab9
⪺ succeeds above not almost equal to 	u+2aba	2aba
⪻ double precedes 	u+2abb	2abb
⪼ double succeeds 	u+2abc	2abc
⪽ subset with dot 	u+2abd	2abd
⪾ superset with dot 	u+2abe	2abe
⪿ subset with plus sign below 	u+2abf	2abf
⫀ superset with plus sign below 	u+2ac0	2ac0
⫁ subset with multiplication sign below 	u+2ac1	2ac1
⫂ superset with multiplication sign below 	u+2ac2	2ac2
⫃ subset of or equal to with dot above 	u+2ac3	2ac3
⫄ superset of or equal to with dot above 	u+2ac4	2ac4
⫅ subset of above equals sign 	u+2ac5	2ac5
⫆ superset of above equals sign 	u+2ac6	2ac6
⫇ subset of above tilde operator 	u+2ac7	2ac7
⫈ superset of above tilde operator 	u+2ac8	2ac8
⫉ subset of above almost equal to 	u+2ac9	2ac9
⫊ superset of above almost equal to 	u+2aca	2aca
⫋ subset of above not equal to 	u+2acb	2acb
⫌ superset of above not equal to 	u+2acc	2acc
⫍ square left open box operator 	u+2acd	2acd
⫎ square right open box operator 	u+2ace	2ace
⫏ closed subset 	u+2acf	2acf
⫐ closed superset 	u+2ad0	2ad0
⫑ closed subset or equal to 	u+2ad1	2ad1
⫒ closed superset or equal to 	u+2ad2	2ad2
⫓ subset above superset 	u+2ad3	2ad3
⫔ superset above subset 	u+2ad4	2ad4
⫕ subset above subset 	u+2ad5	2ad5
⫖ superset above superset 	u+2ad6	2ad6
⫗ superset beside subset 	u+2ad7	2ad7
⫘ superset beside and joined by dash with subset 	u+2ad8	2ad8
⫙ element of opening downwards 	u+2ad9	2ad9
⫚ pitchfork with tee top 	u+2ada	2ada
⫛ transversal intersection 	u+2adb	2adb
⫝̸ forking 	not independent	2adc
⫝ nonforking 	independent	2add
⫞ short left tack 	u+2ade	2ade
⫟ short down tack 	u+2adf	2adf
⫠ short up tack 	u+2ae0	2ae0
⫡ perpendicular with s 	u+2ae1	2ae1
⫢ vertical bar triple right turnstile 	ordinarily satisfies	2ae2
⫣ double vertical bar left turnstile 	u+2ae3	2ae3
⫤ vertical bar double left turnstile 	u+2ae4	2ae4
⫥ double vertical bar double left turnstile 	u+2ae5	2ae5
⫦ long dash from left member of double vertical 	u+2ae6	2ae6
⫧ short down tack with overbar 	u+2ae7	2ae7
⫨ short up tack with underbar 	u+2ae8	2ae8
⫩ short up tack above short down tack 	u+2ae9	2ae9
⫪ double down tack 	u+2aea	2aea
⫫ double up tack 	independence	2aeb
⫬ double stroke not sign 	u+2aec	2aec
⫭ reversed double stroke not sign 	u+2aed	2aed
⫮ does not divide with reversed negation slash 	u+2aee	2aee
⫯ vertical line with circle above 	u+2aef	2aef
⫰ vertical line with circle below 	u+2af0	2af0
⫱ down tack with circle below 	necessarily satisfies	2af1
⫲ parallel with horizontal stroke 	u+2af2	2af2
⫳ parallel with tilde operator 	u+2af3	2af3
⫴ triple vertical bar binary relation 	interleave	2af4
⫵ triple vertical bar with horizontal stroke 	u+2af5	2af5
⫶ triple colon operator 	u+2af6	2af6
⫷ triple nested less-than 	u+2af7	2af7
⫸ triple nested greater-than 	u+2af8	2af8
⫹ double-line slanted less-than or equal to 	u+2af9	2af9
⫺ double-line slanted greater-than or equal to 	u+2afa	2afa
⫻ triple solidus binary relation 	u+2afb	2afb
⫼ large triple vertical bar operator 	u+2afc	2afc
⫽ double solidus operator 	u+2afd	2afd
⫾ white vertical bar 	dijkstra choice	2afe
⫿ n-ary white vertical bar 	n-ary dijkstra choice	2aff
𝐀 mathematical bold capital a 	u+1d400	1d400
𝐁 mathematical bold capital b 	u+1d401	1d401
𝐂 mathematical bold capital c 	u+1d402	1d402
𝐃 mathematical bold capital d 	u+1d403	1d403
𝐄 mathematical bold capital e 	u+1d404	1d404
𝐅 mathematical bold capital f 	u+1d405	1d405
𝐆 mathematical bold capital g 	u+1d406	1d406
𝐇 mathematical bold capital h 	u+1d407	1d407
𝐈 mathematical bold capital i 	u+1d408	1d408
𝐉 mathematical bold capital j 	u+1d409	1d409
𝐊 mathematical bold capital k 	u+1d40a	1d40a
𝐋 mathematical bold capital l 	u+1d40b	1d40b
𝐌 mathematical bold capital m 	u+1d40c	1d40c
𝐍 mathematical bold capital n 	u+1d40d	1d40d
𝐎 mathematical bold capital o 	u+1d40e	1d40e
𝐏 mathematical bold capital p 	u+1d40f	1d40f
𝐐 mathematical bold capital q 	u+1d410	1d410
𝐑 mathematical bold capital r 	u+1d411	1d411
𝐒 mathematical bold capital s 	u+1d412	1d412
𝐓 mathematical bold capital t 	u+1d413	1d413
𝐔 mathematical bold capital u 	u+1d414	1d414
𝐕 mathematical bold capital v 	u+1d415	1d415
𝐖 mathematical bold capital w 	u+1d416	1d416
𝐗 mathematical bold capital x 	u+1d417	1d417
𝐘 mathematical bold capital y 	u+1d418	1d418
𝐙 mathematical bold capital z 	u+1d419	1d419
𝐚 mathematical bold small a 	u+1d41a	1d41a
𝐛 mathematical bold small b 	u+1d41b	1d41b
𝐜 mathematical bold small c 	u+1d41c	1d41c
𝐝 mathematical bold small d 	u+1d41d	1d41d
𝐞 mathematical bold small e 	u+1d41e	1d41e
𝐟 mathematical bold small f 	u+1d41f	1d41f
𝐠 mathematical bold small g 	u+1d420	1d420
𝐡 mathematical bold small h 	u+1d421	1d421
𝐢 mathematical bold small i 	u+1d422	1d422
𝐣 mathematical bold small j 	u+1d423	1d423
𝐤 mathematical bold small k 	u+1d424	1d424
𝐥 mathematical bold small l 	u+1d425	1d425
𝐦 mathematical bold small m 	u+1d426	1d426
𝐧 mathematical bold small n 	u+1d427	1d427
𝐨 mathematical bold small o 	u+1d428	1d428
𝐩 mathematical bold small p 	u+1d429	1d429
𝐪 mathematical bold small q 	u+1d42a	1d42a
𝐫 mathematical bold small r 	u+1d42b	1d42b
𝐬 mathematical bold small s 	u+1d42c	1d42c
𝐭 mathematical bold small t 	u+1d42d	1d42d
𝐮 mathematical bold small u 	u+1d42e	1d42e
𝐯 mathematical bold small v 	u+1d42f	1d42f
𝐰 mathematical bold small w 	u+1d430	1d430
𝐱 mathematical bold small x 	u+1d431	1d431
𝐲 mathematical bold small y 	u+1d432	1d432
𝐳 mathematical bold small z 	u+1d433	1d433
𝐴 mathematical italic capital a 	u+1d434	1d434
𝐵 mathematical italic capital b 	u+1d435	1d435
𝐶 mathematical italic capital c 	u+1d436	1d436
𝐷 mathematical italic capital d 	u+1d437	1d437
𝐸 mathematical italic capital e 	u+1d438	1d438
𝐹 mathematical italic capital f 	u+1d439	1d439
𝐺 mathematical italic capital g 	u+1d43a	1d43a
𝐻 mathematical italic capital h 	u+1d43b	1d43b
𝐼 mathematical italic capital i 	u+1d43c	1d43c
𝐽 mathematical italic capital j 	u+1d43d	1d43d
𝐾 mathematical italic capital k 	u+1d43e	1d43e
𝐿 mathematical italic capital l 	u+1d43f	1d43f
𝑀 mathematical italic capital m 	u+1d440	1d440
𝑁 mathematical italic capital n 	u+1d441	1d441
𝑂 mathematical italic capital o 	u+1d442	1d442
𝑃 mathematical italic capital p 	u+1d443	1d443
𝑄 mathematical italic capital q 	u+1d444	1d444
𝑅 mathematical italic capital r 	u+1d445	1d445
𝑆 mathematical italic capital s 	u+1d446	1d446
𝑇 mathematical italic capital t 	u+1d447	1d447
𝑈 mathematical italic capital u 	u+1d448	1d448
𝑉 mathematical italic capital v 	u+1d449	1d449
𝑊 mathematical italic capital w 	u+1d44a	1d44a
𝑋 mathematical italic capital x 	u+1d44b	1d44b
𝑌 mathematical italic capital y 	u+1d44c	1d44c
𝑍 mathematical italic capital z 	u+1d44d	1d44d
𝑎 mathematical italic small a 	u+1d44e	1d44e
𝑏 mathematical italic small b 	u+1d44f	1d44f
𝑐 mathematical italic small c 	u+1d450	1d450
𝑑 mathematical italic small d 	u+1d451	1d451
𝑒 mathematical italic small e 	u+1d452	1d452
𝑓 mathematical italic small f 	u+1d453	1d453
𝑔 mathematical italic small g 	u+1d454	1d454
𝑕 defined in unicode	u+1d455	1d455
𝑖 mathematical italic small i 	u+1d456	1d456
𝑗 mathematical italic small j 	u+1d457	1d457
𝑘 mathematical italic small k 	u+1d458	1d458
𝑙 mathematical italic small l 	u+1d459	1d459
𝑚 mathematical italic small m 	u+1d45a	1d45a
𝑛 mathematical italic small n 	u+1d45b	1d45b
𝑜 mathematical italic small o 	u+1d45c	1d45c
𝑝 mathematical italic small p 	u+1d45d	1d45d
𝑞 mathematical italic small q 	u+1d45e	1d45e
𝑟 mathematical italic small r 	u+1d45f	1d45f
𝑠 mathematical italic small s 	u+1d460	1d460
𝑡 mathematical italic small t 	u+1d461	1d461
𝑢 mathematical italic small u 	u+1d462	1d462
𝑣 mathematical italic small v 	u+1d463	1d463
𝑤 mathematical italic small w 	u+1d464	1d464
𝑥 mathematical italic small x 	u+1d465	1d465
𝑦 mathematical italic small y 	u+1d466	1d466
𝑧 mathematical italic small z 	u+1d467	1d467
𝑨 mathematical bold italic capital a 	u+1d468	1d468
𝑩 mathematical bold italic capital b 	u+1d469	1d469
𝑪 mathematical bold italic capital c 	u+1d46a	1d46a
𝑫 mathematical bold italic capital d 	u+1d46b	1d46b
𝑬 mathematical bold italic capital e 	u+1d46c	1d46c
𝑭 mathematical bold italic capital f 	u+1d46d	1d46d
𝑮 mathematical bold italic capital g 	u+1d46e	1d46e
𝑯 mathematical bold italic capital h 	u+1d46f	1d46f
𝑰 mathematical bold italic capital i 	u+1d470	1d470
𝑱 mathematical bold italic capital j 	u+1d471	1d471
𝑲 mathematical bold italic capital k 	u+1d472	1d472
𝑳 mathematical bold italic capital l 	u+1d473	1d473
𝑴 mathematical bold italic capital m 	u+1d474	1d474
𝑵 mathematical bold italic capital n 	u+1d475	1d475
𝑶 mathematical bold italic capital o 	u+1d476	1d476
𝑷 mathematical bold italic capital p 	u+1d477	1d477
𝑸 mathematical bold italic capital q 	u+1d478	1d478
𝑹 mathematical bold italic capital r 	u+1d479	1d479
𝑺 mathematical bold italic capital s 	u+1d47a	1d47a
𝑻 mathematical bold italic capital t 	u+1d47b	1d47b
𝑼 mathematical bold italic capital u 	u+1d47c	1d47c
𝑽 mathematical bold italic capital v 	u+1d47d	1d47d
𝑾 mathematical bold italic capital w 	u+1d47e	1d47e
𝑿 mathematical bold italic capital x 	u+1d47f	1d47f
𝒀 mathematical bold italic capital y 	u+1d480	1d480
𝒁 mathematical bold italic capital z 	u+1d481	1d481
𝒂 mathematical bold italic small a 	u+1d482	1d482
𝒃 mathematical bold italic small b 	u+1d483	1d483
𝒄 mathematical bold italic small c 	u+1d484	1d484
𝒅 mathematical bold italic small d 	u+1d485	1d485
𝒆 mathematical bold italic small e 	u+1d486	1d486
𝒇 mathematical bold italic small f 	u+1d487	1d487
𝒈 mathematical bold italic small g 	u+1d488	1d488
𝒉 mathematical bold italic small h 	u+1d489	1d489
𝒊 mathematical bold italic small i 	u+1d48a	1d48a
𝒋 mathematical bold italic small j 	u+1d48b	1d48b
𝒌 mathematical bold italic small k 	u+1d48c	1d48c
𝒍 mathematical bold italic small l 	u+1d48d	1d48d
𝒎 mathematical bold italic small m 	u+1d48e	1d48e
𝒏 mathematical bold italic small n 	u+1d48f	1d48f
𝒐 mathematical bold italic small o 	u+1d490	1d490
𝒑 mathematical bold italic small p 	u+1d491	1d491
𝒒 mathematical bold italic small q 	u+1d492	1d492
𝒓 mathematical bold italic small r 	u+1d493	1d493
𝒔 mathematical bold italic small s 	u+1d494	1d494
𝒕 mathematical bold italic small t 	u+1d495	1d495
𝒖 mathematical bold italic small u 	u+1d496	1d496
𝒗 mathematical bold italic small v 	u+1d497	1d497
𝒘 mathematical bold italic small w 	u+1d498	1d498
𝒙 mathematical bold italic small x 	u+1d499	1d499
𝒚 mathematical bold italic small y 	u+1d49a	1d49a
𝒛 mathematical bold italic small z 	u+1d49b	1d49b
𝒜 mathematical script capital a 	u+1d49c	1d49c
𝒝 defined in unicode	u+1d49d	1d49d
𝒞 mathematical script capital c 	u+1d49e	1d49e
𝒟 mathematical script capital d 	u+1d49f	1d49f
𝒠 defined in unicode	u+1d4a0	1d4a0
𝒡 defined in unicode	u+1d4a1	1d4a1
𝒢 mathematical script capital g 	u+1d4a2	1d4a2
𝒣 defined in unicode	u+1d4a3	1d4a3
𝒤 defined in unicode	u+1d4a4	1d4a4
𝒥 mathematical script capital j 	u+1d4a5	1d4a5
𝒦 mathematical script capital k 	u+1d4a6	1d4a6
𝒧 defined in unicode	u+1d4a7	1d4a7
𝒨 defined in unicode	u+1d4a8	1d4a8
𝒩 mathematical script capital n 	u+1d4a9	1d4a9
𝒪 mathematical script capital o 	u+1d4aa	1d4aa
𝒫 mathematical script capital p 	power set	1d4ab
𝒬 mathematical script capital q 	u+1d4ac	1d4ac
𝒭 defined in unicode	u+1d4ad	1d4ad
𝒮 mathematical script capital s 	u+1d4ae	1d4ae
𝒯 mathematical script capital t 	u+1d4af	1d4af
𝒰 mathematical script capital u 	u+1d4b0	1d4b0
𝒱 mathematical script capital v 	u+1d4b1	1d4b1
𝒲 mathematical script capital w 	u+1d4b2	1d4b2
𝒳 mathematical script capital x 	u+1d4b3	1d4b3
𝒴 mathematical script capital y 	u+1d4b4	1d4b4
𝒵 mathematical script capital z 	u+1d4b5	1d4b5
𝒶 mathematical script small a 	u+1d4b6	1d4b6
𝒷 mathematical script small b 	u+1d4b7	1d4b7
𝒸 mathematical script small c 	u+1d4b8	1d4b8
𝒹 mathematical script small d 	u+1d4b9	1d4b9
𝒺 defined in unicode	u+1d4ba	1d4ba
𝒻 mathematical script small f 	u+1d4bb	1d4bb
𝒼 defined in unicode	u+1d4bc	1d4bc
𝒽 mathematical script small h 	u+1d4bd	1d4bd
𝒾 mathematical script small i 	u+1d4be	1d4be
𝒿 mathematical script small j 	u+1d4bf	1d4bf
𝓀 mathematical script small k 	u+1d4c0	1d4c0
𝓁 mathematical script small l 	u+1d4c1	1d4c1
𝓂 mathematical script small m 	u+1d4c2	1d4c2
𝓃 mathematical script small n 	u+1d4c3	1d4c3
𝓄 defined in unicode	u+1d4c4	1d4c4
𝓅 mathematical script small p 	u+1d4c5	1d4c5
𝓆 mathematical script small q 	u+1d4c6	1d4c6
𝓇 mathematical script small r 	u+1d4c7	1d4c7
𝓈 mathematical script small s 	u+1d4c8	1d4c8
𝓉 mathematical script small t 	u+1d4c9	1d4c9
𝓊 mathematical script small u 	u+1d4ca	1d4ca
𝓋 mathematical script small v 	u+1d4cb	1d4cb
𝓌 mathematical script small w 	u+1d4cc	1d4cc
𝓍 mathematical script small x 	u+1d4cd	1d4cd
𝓎 mathematical script small y 	u+1d4ce	1d4ce
𝓏 mathematical script small z 	u+1d4cf	1d4cf
𝓐 mathematical bold script capital a 	u+1d4d0	1d4d0
𝓑 mathematical bold script capital b 	u+1d4d1	1d4d1
𝓒 mathematical bold script capital c 	u+1d4d2	1d4d2
𝓓 mathematical bold script capital d 	u+1d4d3	1d4d3
𝓔 mathematical bold script capital e 	u+1d4d4	1d4d4
𝓕 mathematical bold script capital f 	u+1d4d5	1d4d5
𝓖 mathematical bold script capital g 	u+1d4d6	1d4d6
𝓗 mathematical bold script capital h 	u+1d4d7	1d4d7
𝓘 mathematical bold script capital i 	u+1d4d8	1d4d8
𝓙 mathematical bold script capital j 	u+1d4d9	1d4d9
𝓚 mathematical bold script capital k 	u+1d4da	1d4da
𝓛 mathematical bold script capital l 	u+1d4db	1d4db
𝓜 mathematical bold script capital m 	u+1d4dc	1d4dc
𝓝 mathematical bold script capital n 	u+1d4dd	1d4dd
𝓞 mathematical bold script capital o 	u+1d4de	1d4de
𝓟 mathematical bold script capital p 	u+1d4df	1d4df
𝓠 mathematical bold script capital q 	u+1d4e0	1d4e0
𝓡 mathematical bold script capital r 	u+1d4e1	1d4e1
𝓢 mathematical bold script capital s 	u+1d4e2	1d4e2
𝓣 mathematical bold script capital t 	u+1d4e3	1d4e3
𝓤 mathematical bold script capital u 	u+1d4e4	1d4e4
𝓥 mathematical bold script capital v 	u+1d4e5	1d4e5
𝓦 mathematical bold script capital w 	u+1d4e6	1d4e6
𝓧 mathematical bold script capital x 	u+1d4e7	1d4e7
𝓨 mathematical bold script capital y 	u+1d4e8	1d4e8
𝓩 mathematical bold script capital z 	u+1d4e9	1d4e9
𝓪 mathematical bold script small a 	u+1d4ea	1d4ea
𝓫 mathematical bold script small b 	u+1d4eb	1d4eb
𝓬 mathematical bold script small c 	u+1d4ec	1d4ec
𝓭 mathematical bold script small d 	u+1d4ed	1d4ed
𝓮 mathematical bold script small e 	u+1d4ee	1d4ee
𝓯 mathematical bold script small f 	u+1d4ef	1d4ef
𝓰 mathematical bold script small g 	u+1d4f0	1d4f0
𝓱 mathematical bold script small h 	u+1d4f1	1d4f1
𝓲 mathematical bold script small i 	u+1d4f2	1d4f2
𝓳 mathematical bold script small j 	u+1d4f3	1d4f3
𝓴 mathematical bold script small k 	u+1d4f4	1d4f4
𝓵 mathematical bold script small l 	u+1d4f5	1d4f5
𝓶 mathematical bold script small m 	u+1d4f6	1d4f6
𝓷 mathematical bold script small n 	u+1d4f7	1d4f7
𝓸 mathematical bold script small o 	u+1d4f8	1d4f8
𝓹 mathematical bold script small p 	u+1d4f9	1d4f9
𝓺 mathematical bold script small q 	u+1d4fa	1d4fa
𝓻 mathematical bold script small r 	u+1d4fb	1d4fb
𝓼 mathematical bold script small s 	u+1d4fc	1d4fc
𝓽 mathematical bold script small t 	u+1d4fd	1d4fd
𝓾 mathematical bold script small u 	u+1d4fe	1d4fe
𝓿 mathematical bold script small v 	u+1d4ff	1d4ff
𝔀 mathematical bold script small w 	u+1d500	1d500
𝔁 mathematical bold script small x 	u+1d501	1d501
𝔂 mathematical bold script small y 	u+1d502	1d502
𝔃 mathematical bold script small z 	u+1d503	1d503
𝔄 mathematical fraktur capital a 	u+1d504	1d504
𝔅 mathematical fraktur capital b 	u+1d505	1d505
𝔆 defined in unicode	u+1d506	1d506
𝔇 mathematical fraktur capital d 	u+1d507	1d507
𝔈 mathematical fraktur capital e 	u+1d508	1d508
𝔉 mathematical fraktur capital f 	u+1d509	1d509
𝔊 mathematical fraktur capital g 	u+1d50a	1d50a
𝔋 defined in unicode	u+1d50b	1d50b
𝔌 defined in unicode	u+1d50c	1d50c
𝔍 mathematical fraktur capital j 	u+1d50d	1d50d
𝔎 mathematical fraktur capital k 	u+1d50e	1d50e
𝔏 mathematical fraktur capital l 	u+1d50f	1d50f
𝔐 mathematical fraktur capital m 	new testament majority text	1d510
𝔑 mathematical fraktur capital n 	u+1d511	1d511
𝔒 mathematical fraktur capital o 	u+1d512	1d512
𝔓 mathematical fraktur capital p 	u+1d513	1d513
𝔔 mathematical fraktur capital q 	u+1d514	1d514
𝔕 defined in unicode	u+1d515	1d515
𝔖 mathematical fraktur capital s 	septuagint, greek old testament	1d516
𝔗 mathematical fraktur capital t 	u+1d517	1d517
𝔘 mathematical fraktur capital u 	u+1d518	1d518
𝔙 mathematical fraktur capital v 	u+1d519	1d519
𝔚 mathematical fraktur capital w 	u+1d51a	1d51a
𝔛 mathematical fraktur capital x 	u+1d51b	1d51b
𝔜 mathematical fraktur capital y 	u+1d51c	1d51c
𝔝 defined in unicode	u+1d51d	1d51d
𝔞 mathematical fraktur small a 	u+1d51e	1d51e
𝔟 mathematical fraktur small b 	u+1d51f	1d51f
𝔠 mathematical fraktur small c 	u+1d520	1d520
𝔡 mathematical fraktur small d 	u+1d521	1d521
𝔢 mathematical fraktur small e 	u+1d522	1d522
𝔣 mathematical fraktur small f 	u+1d523	1d523
𝔤 mathematical fraktur small g 	u+1d524	1d524
𝔥 mathematical fraktur small h 	u+1d525	1d525
𝔦 mathematical fraktur small i 	u+1d526	1d526
𝔧 mathematical fraktur small j 	u+1d527	1d527
𝔨 mathematical fraktur small k 	u+1d528	1d528
𝔩 mathematical fraktur small l 	u+1d529	1d529
𝔪 mathematical fraktur small m 	u+1d52a	1d52a
𝔫 mathematical fraktur small n 	u+1d52b	1d52b
𝔬 mathematical fraktur small o 	u+1d52c	1d52c
𝔭 mathematical fraktur small p 	u+1d52d	1d52d
𝔮 mathematical fraktur small q 	u+1d52e	1d52e
𝔯 mathematical fraktur small r 	u+1d52f	1d52f
𝔰 mathematical fraktur small s 	u+1d530	1d530
𝔱 mathematical fraktur small t 	u+1d531	1d531
𝔲 mathematical fraktur small u 	u+1d532	1d532
𝔳 mathematical fraktur small v 	u+1d533	1d533
𝔴 mathematical fraktur small w 	u+1d534	1d534
𝔵 mathematical fraktur small x 	u+1d535	1d535
𝔶 mathematical fraktur small y 	u+1d536	1d536
𝔷 mathematical fraktur small z 	u+1d537	1d537
𝔸 mathematical double-struck capital a 	u+1d538	1d538
𝔹 mathematical double-struck capital b 	u+1d539	1d539
𝔺 defined in unicode	u+1d53a	1d53a
𝔻 mathematical double-struck capital d 	u+1d53b	1d53b
𝔼 mathematical double-struck capital e 	u+1d53c	1d53c
𝔽 mathematical double-struck capital f 	u+1d53d	1d53d
𝔾 mathematical double-struck capital g 	u+1d53e	1d53e
𝔿 defined in unicode	u+1d53f	1d53f
𝕀 mathematical double-struck capital i 	u+1d540	1d540
𝕁 mathematical double-struck capital j 	u+1d541	1d541
𝕂 mathematical double-struck capital k 	u+1d542	1d542
𝕃 mathematical double-struck capital l 	u+1d543	1d543
𝕄 mathematical double-struck capital m 	u+1d544	1d544
𝕅 defined in unicode	u+1d545	1d545
𝕆 mathematical double-struck capital o 	u+1d546	1d546
𝕇 defined in unicode	u+1d547	1d547
𝕈 defined in unicode	u+1d548	1d548
𝕉 defined in unicode	u+1d549	1d549
𝕊 mathematical double-struck capital s 	u+1d54a	1d54a
𝕋 mathematical double-struck capital t 	u+1d54b	1d54b
𝕌 mathematical double-struck capital u 	u+1d54c	1d54c
𝕍 mathematical double-struck capital v 	u+1d54d	1d54d
𝕎 mathematical double-struck capital w 	u+1d54e	1d54e
𝕏 mathematical double-struck capital x 	u+1d54f	1d54f
𝕐 mathematical double-struck capital y 	u+1d550	1d550
𝕑 defined in unicode	u+1d551	1d551
𝕒 mathematical double-struck small a 	u+1d552	1d552
𝕓 mathematical double-struck small b 	u+1d553	1d553
𝕔 mathematical double-struck small c 	u+1d554	1d554
𝕕 mathematical double-struck small d 	u+1d555	1d555
𝕖 mathematical double-struck small e 	u+1d556	1d556
𝕗 mathematical double-struck small f 	u+1d557	1d557
𝕘 mathematical double-struck small g 	u+1d558	1d558
𝕙 mathematical double-struck small h 	u+1d559	1d559
𝕚 mathematical double-struck small i 	u+1d55a	1d55a
𝕛 mathematical double-struck small j 	u+1d55b	1d55b
𝕜 mathematical double-struck small k 	u+1d55c	1d55c
𝕝 mathematical double-struck small l 	u+1d55d	1d55d
𝕞 mathematical double-struck small m 	u+1d55e	1d55e
𝕟 mathematical double-struck small n 	u+1d55f	1d55f
𝕠 mathematical double-struck small o 	u+1d560	1d560
𝕡 mathematical double-struck small p 	u+1d561	1d561
𝕢 mathematical double-struck small q 	u+1d562	1d562
𝕣 mathematical double-struck small r 	u+1d563	1d563
𝕤 mathematical double-struck small s 	u+1d564	1d564
𝕥 mathematical double-struck small t 	u+1d565	1d565
𝕦 mathematical double-struck small u 	u+1d566	1d566
𝕧 mathematical double-struck small v 	u+1d567	1d567
𝕨 mathematical double-struck small w 	u+1d568	1d568
𝕩 mathematical double-struck small x 	u+1d569	1d569
𝕪 mathematical double-struck small y 	u+1d56a	1d56a
𝕫 mathematical double-struck small z 	u+1d56b	1d56b
𝕬 mathematical bold fraktur capital a 	u+1d56c	1d56c
𝕭 mathematical bold fraktur capital b 	u+1d56d	1d56d
𝕮 mathematical bold fraktur capital c 	u+1d56e	1d56e
𝕯 mathematical bold fraktur capital d 	u+1d56f	1d56f
𝕰 mathematical bold fraktur capital e 	u+1d570	1d570
𝕱 mathematical bold fraktur capital f 	u+1d571	1d571
𝕲 mathematical bold fraktur capital g 	u+1d572	1d572
𝕳 mathematical bold fraktur capital h 	u+1d573	1d573
𝕴 mathematical bold fraktur capital i 	u+1d574	1d574
𝕵 mathematical bold fraktur capital j 	u+1d575	1d575
𝕶 mathematical bold fraktur capital k 	u+1d576	1d576
𝕷 mathematical bold fraktur capital l 	u+1d577	1d577
𝕸 mathematical bold fraktur capital m 	u+1d578	1d578
𝕹 mathematical bold fraktur capital n 	u+1d579	1d579
𝕺 mathematical bold fraktur capital o 	u+1d57a	1d57a
𝕻 mathematical bold fraktur capital p 	u+1d57b	1d57b
𝕼 mathematical bold fraktur capital q 	u+1d57c	1d57c
𝕽 mathematical bold fraktur capital r 	u+1d57d	1d57d
𝕾 mathematical bold fraktur capital s 	u+1d57e	1d57e
𝕿 mathematical bold fraktur capital t 	u+1d57f	1d57f
𝖀 mathematical bold fraktur capital u 	u+1d580	1d580
𝖁 mathematical bold fraktur capital v 	u+1d581	1d581
𝖂 mathematical bold fraktur capital w 	u+1d582	1d582
𝖃 mathematical bold fraktur capital x 	u+1d583	1d583
𝖄 mathematical bold fraktur capital y 	u+1d584	1d584
𝖅 mathematical bold fraktur capital z 	u+1d585	1d585
𝖆 mathematical bold fraktur small a 	u+1d586	1d586
𝖇 mathematical bold fraktur small b 	u+1d587	1d587
𝖈 mathematical bold fraktur small c 	u+1d588	1d588
𝖉 mathematical bold fraktur small d 	u+1d589	1d589
𝖊 mathematical bold fraktur small e 	u+1d58a	1d58a
𝖋 mathematical bold fraktur small f 	u+1d58b	1d58b
𝖌 mathematical bold fraktur small g 	u+1d58c	1d58c
𝖍 mathematical bold fraktur small h 	u+1d58d	1d58d
𝖎 mathematical bold fraktur small i 	u+1d58e	1d58e
𝖏 mathematical bold fraktur small j 	u+1d58f	1d58f
𝖐 mathematical bold fraktur small k 	u+1d590	1d590
𝖑 mathematical bold fraktur small l 	u+1d591	1d591
𝖒 mathematical bold fraktur small m 	u+1d592	1d592
𝖓 mathematical bold fraktur small n 	u+1d593	1d593
𝖔 mathematical bold fraktur small o 	u+1d594	1d594
𝖕 mathematical bold fraktur small p 	u+1d595	1d595
𝖖 mathematical bold fraktur small q 	u+1d596	1d596
𝖗 mathematical bold fraktur small r 	u+1d597	1d597
𝖘 mathematical bold fraktur small s 	u+1d598	1d598
𝖙 mathematical bold fraktur small t 	u+1d599	1d599
𝖚 mathematical bold fraktur small u 	u+1d59a	1d59a
𝖛 mathematical bold fraktur small v 	u+1d59b	1d59b
𝖜 mathematical bold fraktur small w 	u+1d59c	1d59c
𝖝 mathematical bold fraktur small x 	u+1d59d	1d59d
𝖞 mathematical bold fraktur small y 	u+1d59e	1d59e
𝖟 mathematical bold fraktur small z 	u+1d59f	1d59f
𝖠 mathematical sans-serif capital a 	u+1d5a0	1d5a0
𝖡 mathematical sans-serif capital b 	u+1d5a1	1d5a1
𝖢 mathematical sans-serif capital c 	u+1d5a2	1d5a2
𝖣 mathematical sans-serif capital d 	u+1d5a3	1d5a3
𝖤 mathematical sans-serif capital e 	u+1d5a4	1d5a4
𝖥 mathematical sans-serif capital f 	u+1d5a5	1d5a5
𝖦 mathematical sans-serif capital g 	u+1d5a6	1d5a6
𝖧 mathematical sans-serif capital h 	u+1d5a7	1d5a7
𝖨 mathematical sans-serif capital i 	u+1d5a8	1d5a8
𝖩 mathematical sans-serif capital j 	u+1d5a9	1d5a9
𝖪 mathematical sans-serif capital k 	u+1d5aa	1d5aa
𝖫 mathematical sans-serif capital l 	u+1d5ab	1d5ab
𝖬 mathematical sans-serif capital m 	u+1d5ac	1d5ac
𝖭 mathematical sans-serif capital n 	u+1d5ad	1d5ad
𝖮 mathematical sans-serif capital o 	u+1d5ae	1d5ae
𝖯 mathematical sans-serif capital p 	u+1d5af	1d5af
𝖰 mathematical sans-serif capital q 	u+1d5b0	1d5b0
𝖱 mathematical sans-serif capital r 	u+1d5b1	1d5b1
𝖲 mathematical sans-serif capital s 	u+1d5b2	1d5b2
𝖳 mathematical sans-serif capital t 	u+1d5b3	1d5b3
𝖴 mathematical sans-serif capital u 	u+1d5b4	1d5b4
𝖵 mathematical sans-serif capital v 	u+1d5b5	1d5b5
𝖶 mathematical sans-serif capital w 	u+1d5b6	1d5b6
𝖷 mathematical sans-serif capital x 	u+1d5b7	1d5b7
𝖸 mathematical sans-serif capital y 	u+1d5b8	1d5b8
𝖹 mathematical sans-serif capital z 	u+1d5b9	1d5b9
𝖺 mathematical sans-serif small a 	u+1d5ba	1d5ba
𝖻 mathematical sans-serif small b 	u+1d5bb	1d5bb
𝖼 mathematical sans-serif small c 	u+1d5bc	1d5bc
𝖽 mathematical sans-serif small d 	u+1d5bd	1d5bd
𝖾 mathematical sans-serif small e 	u+1d5be	1d5be
𝖿 mathematical sans-serif small f 	u+1d5bf	1d5bf
𝗀 mathematical sans-serif small g 	u+1d5c0	1d5c0
𝗁 mathematical sans-serif small h 	u+1d5c1	1d5c1
𝗂 mathematical sans-serif small i 	u+1d5c2	1d5c2
𝗃 mathematical sans-serif small j 	u+1d5c3	1d5c3
𝗄 mathematical sans-serif small k 	u+1d5c4	1d5c4
𝗅 mathematical sans-serif small l 	u+1d5c5	1d5c5
𝗆 mathematical sans-serif small m 	u+1d5c6	1d5c6
𝗇 mathematical sans-serif small n 	u+1d5c7	1d5c7
𝗈 mathematical sans-serif small o 	u+1d5c8	1d5c8
𝗉 mathematical sans-serif small p 	u+1d5c9	1d5c9
𝗊 mathematical sans-serif small q 	u+1d5ca	1d5ca
𝗋 mathematical sans-serif small r 	u+1d5cb	1d5cb
𝗌 mathematical sans-serif small s 	u+1d5cc	1d5cc
𝗍 mathematical sans-serif small t 	u+1d5cd	1d5cd
𝗎 mathematical sans-serif small u 	u+1d5ce	1d5ce
𝗏 mathematical sans-serif small v 	u+1d5cf	1d5cf
𝗐 mathematical sans-serif small w 	u+1d5d0	1d5d0
𝗑 mathematical sans-serif small x 	u+1d5d1	1d5d1
𝗒 mathematical sans-serif small y 	u+1d5d2	1d5d2
𝗓 mathematical sans-serif small z 	u+1d5d3	1d5d3
𝗔 mathematical sans-serif bold capital a 	u+1d5d4	1d5d4
𝗕 mathematical sans-serif bold capital b 	u+1d5d5	1d5d5
𝗖 mathematical sans-serif bold capital c 	u+1d5d6	1d5d6
𝗗 mathematical sans-serif bold capital d 	u+1d5d7	1d5d7
𝗘 mathematical sans-serif bold capital e 	u+1d5d8	1d5d8
𝗙 mathematical sans-serif bold capital f 	u+1d5d9	1d5d9
𝗚 mathematical sans-serif bold capital g 	u+1d5da	1d5da
𝗛 mathematical sans-serif bold capital h 	u+1d5db	1d5db
𝗜 mathematical sans-serif bold capital i 	u+1d5dc	1d5dc
𝗝 mathematical sans-serif bold capital j 	u+1d5dd	1d5dd
𝗞 mathematical sans-serif bold capital k 	u+1d5de	1d5de
𝗟 mathematical sans-serif bold capital l 	u+1d5df	1d5df
𝗠 mathematical sans-serif bold capital m 	u+1d5e0	1d5e0
𝗡 mathematical sans-serif bold capital n 	u+1d5e1	1d5e1
𝗢 mathematical sans-serif bold capital o 	u+1d5e2	1d5e2
𝗣 mathematical sans-serif bold capital p 	u+1d5e3	1d5e3
𝗤 mathematical sans-serif bold capital q 	u+1d5e4	1d5e4
𝗥 mathematical sans-serif bold capital r 	u+1d5e5	1d5e5
𝗦 mathematical sans-serif bold capital s 	u+1d5e6	1d5e6
𝗧 mathematical sans-serif bold capital t 	u+1d5e7	1d5e7
𝗨 mathematical sans-serif bold capital u 	u+1d5e8	1d5e8
𝗩 mathematical sans-serif bold capital v 	u+1d5e9	1d5e9
𝗪 mathematical sans-serif bold capital w 	u+1d5ea	1d5ea
𝗫 mathematical sans-serif bold capital x 	u+1d5eb	1d5eb
𝗬 mathematical sans-serif bold capital y 	u+1d5ec	1d5ec
𝗭 mathematical sans-serif bold capital z 	u+1d5ed	1d5ed
𝗮 mathematical sans-serif bold small a 	u+1d5ee	1d5ee
𝗯 mathematical sans-serif bold small b 	u+1d5ef	1d5ef
𝗰 mathematical sans-serif bold small c 	u+1d5f0	1d5f0
𝗱 mathematical sans-serif bold small d 	u+1d5f1	1d5f1
𝗲 mathematical sans-serif bold small e 	u+1d5f2	1d5f2
𝗳 mathematical sans-serif bold small f 	u+1d5f3	1d5f3
𝗴 mathematical sans-serif bold small g 	u+1d5f4	1d5f4
𝗵 mathematical sans-serif bold small h 	u+1d5f5	1d5f5
𝗶 mathematical sans-serif bold small i 	u+1d5f6	1d5f6
𝗷 mathematical sans-serif bold small j 	u+1d5f7	1d5f7
𝗸 mathematical sans-serif bold small k 	u+1d5f8	1d5f8
𝗹 mathematical sans-serif bold small l 	u+1d5f9	1d5f9
𝗺 mathematical sans-serif bold small m 	u+1d5fa	1d5fa
𝗻 mathematical sans-serif bold small n 	u+1d5fb	1d5fb
𝗼 mathematical sans-serif bold small o 	u+1d5fc	1d5fc
𝗽 mathematical sans-serif bold small p 	u+1d5fd	1d5fd
𝗾 mathematical sans-serif bold small q 	u+1d5fe	1d5fe
𝗿 mathematical sans-serif bold small r 	u+1d5ff	1d5ff
𝘀 mathematical sans-serif bold small s 	u+1d600	1d600
𝘁 mathematical sans-serif bold small t 	u+1d601	1d601
𝘂 mathematical sans-serif bold small u 	u+1d602	1d602
𝘃 mathematical sans-serif bold small v 	u+1d603	1d603
𝘄 mathematical sans-serif bold small w 	u+1d604	1d604
𝘅 mathematical sans-serif bold small x 	u+1d605	1d605
𝘆 mathematical sans-serif bold small y 	u+1d606	1d606
𝘇 mathematical sans-serif bold small z 	u+1d607	1d607
𝘈 mathematical sans-serif italic capital a 	u+1d608	1d608
𝘉 mathematical sans-serif italic capital b 	u+1d609	1d609
𝘊 mathematical sans-serif italic capital c 	u+1d60a	1d60a
𝘋 mathematical sans-serif italic capital d 	u+1d60b	1d60b
𝘌 mathematical sans-serif italic capital e 	u+1d60c	1d60c
𝘍 mathematical sans-serif italic capital f 	u+1d60d	1d60d
𝘎 mathematical sans-serif italic capital g 	u+1d60e	1d60e
𝘏 mathematical sans-serif italic capital h 	u+1d60f	1d60f
𝘐 mathematical sans-serif italic capital i 	u+1d610	1d610
𝘑 mathematical sans-serif italic capital j 	u+1d611	1d611
𝘒 mathematical sans-serif italic capital k 	u+1d612	1d612
𝘓 mathematical sans-serif italic capital l 	u+1d613	1d613
𝘔 mathematical sans-serif italic capital m 	u+1d614	1d614
𝘕 mathematical sans-serif italic capital n 	u+1d615	1d615
𝘖 mathematical sans-serif italic capital o 	u+1d616	1d616
𝘗 mathematical sans-serif italic capital p 	u+1d617	1d617
𝘘 mathematical sans-serif italic capital q 	u+1d618	1d618
𝘙 mathematical sans-serif italic capital r 	u+1d619	1d619
𝘚 mathematical sans-serif italic capital s 	u+1d61a	1d61a
𝘛 mathematical sans-serif italic capital t 	u+1d61b	1d61b
𝘜 mathematical sans-serif italic capital u 	u+1d61c	1d61c
𝘝 mathematical sans-serif italic capital v 	u+1d61d	1d61d
𝘞 mathematical sans-serif italic capital w 	u+1d61e	1d61e
𝘟 mathematical sans-serif italic capital x 	u+1d61f	1d61f
𝘠 mathematical sans-serif italic capital y 	u+1d620	1d620
𝘡 mathematical sans-serif italic capital z 	u+1d621	1d621
𝘢 mathematical sans-serif italic small a 	u+1d622	1d622
𝘣 mathematical sans-serif italic small b 	u+1d623	1d623
𝘤 mathematical sans-serif italic small c 	u+1d624	1d624
𝘥 mathematical sans-serif italic small d 	u+1d625	1d625
𝘦 mathematical sans-serif italic small e 	u+1d626	1d626
𝘧 mathematical sans-serif italic small f 	u+1d627	1d627
𝘨 mathematical sans-serif italic small g 	u+1d628	1d628
𝘩 mathematical sans-serif italic small h 	u+1d629	1d629
𝘪 mathematical sans-serif italic small i 	u+1d62a	1d62a
𝘫 mathematical sans-serif italic small j 	u+1d62b	1d62b
𝘬 mathematical sans-serif italic small k 	u+1d62c	1d62c
𝘭 mathematical sans-serif italic small l 	u+1d62d	1d62d
𝘮 mathematical sans-serif italic small m 	u+1d62e	1d62e
𝘯 mathematical sans-serif italic small n 	u+1d62f	1d62f
𝘰 mathematical sans-serif italic small o 	u+1d630	1d630
𝘱 mathematical sans-serif italic small p 	u+1d631	1d631
𝘲 mathematical sans-serif italic small q 	u+1d632	1d632
𝘳 mathematical sans-serif italic small r 	u+1d633	1d633
𝘴 mathematical sans-serif italic small s 	u+1d634	1d634
𝘵 mathematical sans-serif italic small t 	u+1d635	1d635
𝘶 mathematical sans-serif italic small u 	u+1d636	1d636
𝘷 mathematical sans-serif italic small v 	u+1d637	1d637
𝘸 mathematical sans-serif italic small w 	u+1d638	1d638
𝘹 mathematical sans-serif italic small x 	u+1d639	1d639
𝘺 mathematical sans-serif italic small y 	u+1d63a	1d63a
𝘻 mathematical sans-serif italic small z 	u+1d63b	1d63b
𝘼 mathematical sans-serif bold italic capital a 	u+1d63c	1d63c
𝘽 mathematical sans-serif bold italic capital b 	u+1d63d	1d63d
𝘾 mathematical sans-serif bold italic capital c 	u+1d63e	1d63e
𝘿 mathematical sans-serif bold italic capital d 	u+1d63f	1d63f
𝙀 mathematical sans-serif bold italic capital e 	u+1d640	1d640
𝙁 mathematical sans-serif bold italic capital f 	u+1d641	1d641
𝙂 mathematical sans-serif bold italic capital g 	u+1d642	1d642
𝙃 mathematical sans-serif bold italic capital h 	u+1d643	1d643
𝙄 mathematical sans-serif bold italic capital i 	u+1d644	1d644
𝙅 mathematical sans-serif bold italic capital j 	u+1d645	1d645
𝙆 mathematical sans-serif bold italic capital k 	u+1d646	1d646
𝙇 mathematical sans-serif bold italic capital l 	u+1d647	1d647
𝙈 mathematical sans-serif bold italic capital m 	u+1d648	1d648
𝙉 mathematical sans-serif bold italic capital n 	u+1d649	1d649
𝙊 mathematical sans-serif bold italic capital o 	u+1d64a	1d64a
𝙋 mathematical sans-serif bold italic capital p 	u+1d64b	1d64b
𝙌 mathematical sans-serif bold italic capital q 	u+1d64c	1d64c
𝙍 mathematical sans-serif bold italic capital r 	u+1d64d	1d64d
𝙎 mathematical sans-serif bold italic capital s 	u+1d64e	1d64e
𝙏 mathematical sans-serif bold italic capital t 	u+1d64f	1d64f
𝙐 mathematical sans-serif bold italic capital u 	u+1d650	1d650
𝙑 mathematical sans-serif bold italic capital v 	u+1d651	1d651
𝙒 mathematical sans-serif bold italic capital w 	u+1d652	1d652
𝙓 mathematical sans-serif bold italic capital x 	u+1d653	1d653
𝙔 mathematical sans-serif bold italic capital y 	u+1d654	1d654
𝙕 mathematical sans-serif bold italic capital z 	u+1d655	1d655
𝙖 mathematical sans-serif bold italic small a 	u+1d656	1d656
𝙗 mathematical sans-serif bold italic small b 	u+1d657	1d657
𝙘 mathematical sans-serif bold italic small c 	u+1d658	1d658
𝙙 mathematical sans-serif bold italic small d 	u+1d659	1d659
𝙚 mathematical sans-serif bold italic small e 	u+1d65a	1d65a
𝙛 mathematical sans-serif bold italic small f 	u+1d65b	1d65b
𝙜 mathematical sans-serif bold italic small g 	u+1d65c	1d65c
𝙝 mathematical sans-serif bold italic small h 	u+1d65d	1d65d
𝙞 mathematical sans-serif bold italic small i 	u+1d65e	1d65e
𝙟 mathematical sans-serif bold italic small j 	u+1d65f	1d65f
𝙠 mathematical sans-serif bold italic small k 	u+1d660	1d660
𝙡 mathematical sans-serif bold italic small l 	u+1d661	1d661
𝙢 mathematical sans-serif bold italic small m 	u+1d662	1d662
𝙣 mathematical sans-serif bold italic small n 	u+1d663	1d663
𝙤 mathematical sans-serif bold italic small o 	u+1d664	1d664
𝙥 mathematical sans-serif bold italic small p 	u+1d665	1d665
𝙦 mathematical sans-serif bold italic small q 	u+1d666	1d666
𝙧 mathematical sans-serif bold italic small r 	u+1d667	1d667
𝙨 mathematical sans-serif bold italic small s 	u+1d668	1d668
𝙩 mathematical sans-serif bold italic small t 	u+1d669	1d669
𝙪 mathematical sans-serif bold italic small u 	u+1d66a	1d66a
𝙫 mathematical sans-serif bold italic small v 	u+1d66b	1d66b
𝙬 mathematical sans-serif bold italic small w 	u+1d66c	1d66c
𝙭 mathematical sans-serif bold italic small x 	u+1d66d	1d66d
𝙮 mathematical sans-serif bold italic small y 	u+1d66e	1d66e
𝙯 mathematical sans-serif bold italic small z 	u+1d66f	1d66f
𝙰 mathematical monospace capital a 	u+1d670	1d670
𝙱 mathematical monospace capital b 	u+1d671	1d671
𝙲 mathematical monospace capital c 	u+1d672	1d672
𝙳 mathematical monospace capital d 	u+1d673	1d673
𝙴 mathematical monospace capital e 	u+1d674	1d674
𝙵 mathematical monospace capital f 	u+1d675	1d675
𝙶 mathematical monospace capital g 	u+1d676	1d676
𝙷 mathematical monospace capital h 	u+1d677	1d677
𝙸 mathematical monospace capital i 	u+1d678	1d678
𝙹 mathematical monospace capital j 	u+1d679	1d679
𝙺 mathematical monospace capital k 	u+1d67a	1d67a
𝙻 mathematical monospace capital l 	u+1d67b	1d67b
𝙼 mathematical monospace capital m 	u+1d67c	1d67c
𝙽 mathematical monospace capital n 	u+1d67d	1d67d
𝙾 mathematical monospace capital o 	u+1d67e	1d67e
𝙿 mathematical monospace capital p 	u+1d67f	1d67f
𝚀 mathematical monospace capital q 	u+1d680	1d680
𝚁 mathematical monospace capital r 	u+1d681	1d681
𝚂 mathematical monospace capital s 	u+1d682	1d682
𝚃 mathematical monospace capital t 	u+1d683	1d683
𝚄 mathematical monospace capital u 	u+1d684	1d684
𝚅 mathematical monospace capital v 	u+1d685	1d685
𝚆 mathematical monospace capital w 	u+1d686	1d686
𝚇 mathematical monospace capital x 	u+1d687	1d687
𝚈 mathematical monospace capital y 	u+1d688	1d688
𝚉 mathematical monospace capital z 	u+1d689	1d689
𝚊 mathematical monospace small a 	u+1d68a	1d68a
𝚋 mathematical monospace small b 	u+1d68b	1d68b
𝚌 mathematical monospace small c 	u+1d68c	1d68c
𝚍 mathematical monospace small d 	u+1d68d	1d68d
𝚎 mathematical monospace small e 	u+1d68e	1d68e
𝚏 mathematical monospace small f 	u+1d68f	1d68f
𝚐 mathematical monospace small g 	u+1d690	1d690
𝚑 mathematical monospace small h 	u+1d691	1d691
𝚒 mathematical monospace small i 	u+1d692	1d692
𝚓 mathematical monospace small j 	u+1d693	1d693
𝚔 mathematical monospace small k 	u+1d694	1d694
𝚕 mathematical monospace small l 	u+1d695	1d695
𝚖 mathematical monospace small m 	u+1d696	1d696
𝚗 mathematical monospace small n 	u+1d697	1d697
𝚘 mathematical monospace small o 	u+1d698	1d698
𝚙 mathematical monospace small p 	u+1d699	1d699
𝚚 mathematical monospace small q 	u+1d69a	1d69a
𝚛 mathematical monospace small r 	u+1d69b	1d69b
𝚜 mathematical monospace small s 	u+1d69c	1d69c
𝚝 mathematical monospace small t 	u+1d69d	1d69d
𝚞 mathematical monospace small u 	u+1d69e	1d69e
𝚟 mathematical monospace small v 	u+1d69f	1d69f
𝚠 mathematical monospace small w 	u+1d6a0	1d6a0
𝚡 mathematical monospace small x 	u+1d6a1	1d6a1
𝚢 mathematical monospace small y 	u+1d6a2	1d6a2
𝚣 mathematical monospace small z 	u+1d6a3	1d6a3
𝚤 mathematical italic small dotless i 	\imath	1d6a4
𝚥 mathematical italic small dotless j 	\jmath	1d6a5
𝚦 defined in unicode	u+1d6a6	1d6a6
𝚧 defined in unicode	u+1d6a7	1d6a7
𝚨 mathematical bold capital alpha 	u+1d6a8	1d6a8
𝚩 mathematical bold capital beta 	u+1d6a9	1d6a9
𝚪 mathematical bold capital gamma 	u+1d6aa	1d6aa
𝚫 mathematical bold capital delta 	u+1d6ab	1d6ab
𝚬 mathematical bold capital epsilon 	u+1d6ac	1d6ac
𝚭 mathematical bold capital zeta 	u+1d6ad	1d6ad
𝚮 mathematical bold capital eta 	u+1d6ae	1d6ae
𝚯 mathematical bold capital theta 	u+1d6af	1d6af
𝚰 mathematical bold capital iota 	u+1d6b0	1d6b0
𝚱 mathematical bold capital kappa 	u+1d6b1	1d6b1
𝚲 mathematical bold capital lamda 	u+1d6b2	1d6b2
𝚳 mathematical bold capital mu 	u+1d6b3	1d6b3
𝚴 mathematical bold capital nu 	u+1d6b4	1d6b4
𝚵 mathematical bold capital xi 	u+1d6b5	1d6b5
𝚶 mathematical bold capital omicron 	u+1d6b6	1d6b6
𝚷 mathematical bold capital pi 	u+1d6b7	1d6b7
𝚸 mathematical bold capital rho 	u+1d6b8	1d6b8
𝚹 mathematical bold capital theta symbol 	u+1d6b9	1d6b9
𝚺 mathematical bold capital sigma 	u+1d6ba	1d6ba
𝚻 mathematical bold capital tau 	u+1d6bb	1d6bb
𝚼 mathematical bold capital upsilon 	u+1d6bc	1d6bc
𝚽 mathematical bold capital phi 	u+1d6bd	1d6bd
𝚾 mathematical bold capital chi 	u+1d6be	1d6be
𝚿 mathematical bold capital psi 	u+1d6bf	1d6bf
𝛀 mathematical bold capital omega 	u+1d6c0	1d6c0
𝛁 mathematical bold nabla 	u+1d6c1	1d6c1
𝛂 mathematical bold small alpha 	u+1d6c2	1d6c2
𝛃 mathematical bold small beta 	u+1d6c3	1d6c3
𝛄 mathematical bold small gamma 	u+1d6c4	1d6c4
𝛅 mathematical bold small delta 	u+1d6c5	1d6c5
𝛆 mathematical bold small epsilon 	u+1d6c6	1d6c6
𝛇 mathematical bold small zeta 	u+1d6c7	1d6c7
𝛈 mathematical bold small eta 	u+1d6c8	1d6c8
𝛉 mathematical bold small theta 	u+1d6c9	1d6c9
𝛊 mathematical bold small iota 	u+1d6ca	1d6ca
𝛋 mathematical bold small kappa 	u+1d6cb	1d6cb
𝛌 mathematical bold small lamda 	u+1d6cc	1d6cc
𝛍 mathematical bold small mu 	u+1d6cd	1d6cd
𝛎 mathematical bold small nu 	u+1d6ce	1d6ce
𝛏 mathematical bold small xi 	u+1d6cf	1d6cf
𝛐 mathematical bold small omicron 	u+1d6d0	1d6d0
𝛑 mathematical bold small pi 	u+1d6d1	1d6d1
𝛒 mathematical bold small rho 	u+1d6d2	1d6d2
𝛓 mathematical bold small final sigma 	u+1d6d3	1d6d3
𝛔 mathematical bold small sigma 	u+1d6d4	1d6d4
𝛕 mathematical bold small tau 	u+1d6d5	1d6d5
𝛖 mathematical bold small upsilon 	u+1d6d6	1d6d6
𝛗 mathematical bold small phi 	u+1d6d7	1d6d7
𝛘 mathematical bold small chi 	u+1d6d8	1d6d8
𝛙 mathematical bold small psi 	u+1d6d9	1d6d9
𝛚 mathematical bold small omega 	u+1d6da	1d6da
𝛛 mathematical bold partial differential 	u+1d6db	1d6db
𝛜 mathematical bold epsilon symbol 	u+1d6dc	1d6dc
𝛝 mathematical bold theta symbol 	u+1d6dd	1d6dd
𝛞 mathematical bold kappa symbol 	u+1d6de	1d6de
𝛟 mathematical bold phi symbol 	u+1d6df	1d6df
𝛠 mathematical bold rho symbol 	u+1d6e0	1d6e0
𝛡 mathematical bold pi symbol 	u+1d6e1	1d6e1
𝛢 mathematical italic capital alpha 	u+1d6e2	1d6e2
𝛣 mathematical italic capital beta 	u+1d6e3	1d6e3
𝛤 mathematical italic capital gamma 	u+1d6e4	1d6e4
𝛥 mathematical italic capital delta 	u+1d6e5	1d6e5
𝛦 mathematical italic capital epsilon 	u+1d6e6	1d6e6
𝛧 mathematical italic capital zeta 	u+1d6e7	1d6e7
𝛨 mathematical italic capital eta 	u+1d6e8	1d6e8
𝛩 mathematical italic capital theta 	u+1d6e9	1d6e9
𝛪 mathematical italic capital iota 	u+1d6ea	1d6ea
𝛫 mathematical italic capital kappa 	u+1d6eb	1d6eb
𝛬 mathematical italic capital lamda 	u+1d6ec	1d6ec
𝛭 mathematical italic capital mu 	u+1d6ed	1d6ed
𝛮 mathematical italic capital nu 	u+1d6ee	1d6ee
𝛯 mathematical italic capital xi 	u+1d6ef	1d6ef
𝛰 mathematical italic capital omicron 	u+1d6f0	1d6f0
𝛱 mathematical italic capital pi 	u+1d6f1	1d6f1
𝛲 mathematical italic capital rho 	u+1d6f2	1d6f2
𝛳 mathematical italic capital theta symbol 	u+1d6f3	1d6f3
𝛴 mathematical italic capital sigma 	u+1d6f4	1d6f4
𝛵 mathematical italic capital tau 	u+1d6f5	1d6f5
𝛶 mathematical italic capital upsilon 	u+1d6f6	1d6f6
𝛷 mathematical italic capital phi 	u+1d6f7	1d6f7
𝛸 mathematical italic capital chi 	u+1d6f8	1d6f8
𝛹 mathematical italic capital psi 	u+1d6f9	1d6f9
𝛺 mathematical italic capital omega 	u+1d6fa	1d6fa
𝛻 mathematical italic nabla 	u+1d6fb	1d6fb
𝛼 mathematical italic small alpha 	u+1d6fc	1d6fc
𝛽 mathematical italic small beta 	u+1d6fd	1d6fd
𝛾 mathematical italic small gamma 	u+1d6fe	1d6fe
𝛿 mathematical italic small delta 	u+1d6ff	1d6ff
𝜀 mathematical italic small epsilon 	u+1d700	1d700
𝜁 mathematical italic small zeta 	u+1d701	1d701
𝜂 mathematical italic small eta 	u+1d702	1d702
𝜃 mathematical italic small theta 	u+1d703	1d703
𝜄 mathematical italic small iota 	u+1d704	1d704
𝜅 mathematical italic small kappa 	u+1d705	1d705
𝜆 mathematical italic small lamda 	u+1d706	1d706
𝜇 mathematical italic small mu 	u+1d707	1d707
𝜈 mathematical italic small nu 	u+1d708	1d708
𝜉 mathematical italic small xi 	u+1d709	1d709
𝜊 mathematical italic small omicron 	u+1d70a	1d70a
𝜋 mathematical italic small pi 	u+1d70b	1d70b
𝜌 mathematical italic small rho 	u+1d70c	1d70c
𝜍 mathematical italic small final sigma 	u+1d70d	1d70d
𝜎 mathematical italic small sigma 	u+1d70e	1d70e
𝜏 mathematical italic small tau 	u+1d70f	1d70f
𝜐 mathematical italic small upsilon 	u+1d710	1d710
𝜑 mathematical italic small phi 	u+1d711	1d711
𝜒 mathematical italic small chi 	u+1d712	1d712
𝜓 mathematical italic small psi 	u+1d713	1d713
𝜔 mathematical italic small omega 	u+1d714	1d714
𝜕 mathematical italic partial differential 	u+1d715	1d715
𝜖 mathematical italic epsilon symbol 	u+1d716	1d716
𝜗 mathematical italic theta symbol 	u+1d717	1d717
𝜘 mathematical italic kappa symbol 	u+1d718	1d718
𝜙 mathematical italic phi symbol 	u+1d719	1d719
𝜚 mathematical italic rho symbol 	u+1d71a	1d71a
𝜛 mathematical italic pi symbol 	u+1d71b	1d71b
𝜜 mathematical bold italic capital alpha 	u+1d71c	1d71c
𝜝 mathematical bold italic capital beta 	u+1d71d	1d71d
𝜞 mathematical bold italic capital gamma 	u+1d71e	1d71e
𝜟 mathematical bold italic capital delta 	u+1d71f	1d71f
𝜠 mathematical bold italic capital epsilon 	u+1d720	1d720
𝜡 mathematical bold italic capital zeta 	u+1d721	1d721
𝜢 mathematical bold italic capital eta 	u+1d722	1d722
𝜣 mathematical bold italic capital theta 	u+1d723	1d723
𝜤 mathematical bold italic capital iota 	u+1d724	1d724
𝜥 mathematical bold italic capital kappa 	u+1d725	1d725
𝜦 mathematical bold italic capital lamda 	u+1d726	1d726
𝜧 mathematical bold italic capital mu 	u+1d727	1d727
𝜨 mathematical bold italic capital nu 	u+1d728	1d728
𝜩 mathematical bold italic capital xi 	u+1d729	1d729
𝜪 mathematical bold italic capital omicron 	u+1d72a	1d72a
𝜫 mathematical bold italic capital pi 	u+1d72b	1d72b
𝜬 mathematical bold italic capital rho 	u+1d72c	1d72c
𝜭 mathematical bold italic capital theta symbol 	u+1d72d	1d72d
𝜮 mathematical bold italic capital sigma 	u+1d72e	1d72e
𝜯 mathematical bold italic capital tau 	u+1d72f	1d72f
𝜰 mathematical bold italic capital upsilon 	u+1d730	1d730
𝜱 mathematical bold italic capital phi 	u+1d731	1d731
𝜲 mathematical bold italic capital chi 	u+1d732	1d732
𝜳 mathematical bold italic capital psi 	u+1d733	1d733
𝜴 mathematical bold italic capital omega 	u+1d734	1d734
𝜵 mathematical bold italic nabla 	u+1d735	1d735
𝜶 mathematical bold italic small alpha 	u+1d736	1d736
𝜷 mathematical bold italic small beta 	u+1d737	1d737
𝜸 mathematical bold italic small gamma 	u+1d738	1d738
𝜹 mathematical bold italic small delta 	u+1d739	1d739
𝜺 mathematical bold italic small epsilon 	u+1d73a	1d73a
𝜻 mathematical bold italic small zeta 	u+1d73b	1d73b
𝜼 mathematical bold italic small eta 	u+1d73c	1d73c
𝜽 mathematical bold italic small theta 	u+1d73d	1d73d
𝜾 mathematical bold italic small iota 	u+1d73e	1d73e
𝜿 mathematical bold italic small kappa 	u+1d73f	1d73f
𝝀 mathematical bold italic small lamda 	u+1d740	1d740
𝝁 mathematical bold italic small mu 	u+1d741	1d741
𝝂 mathematical bold italic small nu 	u+1d742	1d742
𝝃 mathematical bold italic small xi 	u+1d743	1d743
𝝄 mathematical bold italic small omicron 	u+1d744	1d744
𝝅 mathematical bold italic small pi 	u+1d745	1d745
𝝆 mathematical bold italic small rho 	u+1d746	1d746
𝝇 mathematical bold italic small final sigma 	u+1d747	1d747
𝝈 mathematical bold italic small sigma 	u+1d748	1d748
𝝉 mathematical bold italic small tau 	u+1d749	1d749
𝝊 mathematical bold italic small upsilon 	u+1d74a	1d74a
𝝋 mathematical bold italic small phi 	u+1d74b	1d74b
𝝌 mathematical bold italic small chi 	u+1d74c	1d74c
𝝍 mathematical bold italic small psi 	u+1d74d	1d74d
𝝎 mathematical bold italic small omega 	u+1d74e	1d74e
𝝏 mathematical bold italic partial differential 	u+1d74f	1d74f
𝝐 mathematical bold italic epsilon symbol 	u+1d750	1d750
𝝑 mathematical bold italic theta symbol 	u+1d751	1d751
𝝒 mathematical bold italic kappa symbol 	u+1d752	1d752
𝝓 mathematical bold italic phi symbol 	u+1d753	1d753
𝝔 mathematical bold italic rho symbol 	u+1d754	1d754
𝝕 mathematical bold italic pi symbol 	u+1d755	1d755
𝝖 mathematical sans-serif bold capital alpha 	u+1d756	1d756
𝝗 mathematical sans-serif bold capital beta 	u+1d757	1d757
𝝘 mathematical sans-serif bold capital gamma 	u+1d758	1d758
𝝙 mathematical sans-serif bold capital delta 	u+1d759	1d759
𝝚 mathematical sans-serif bold capital epsilon 	u+1d75a	1d75a
𝝛 mathematical sans-serif bold capital zeta 	u+1d75b	1d75b
𝝜 mathematical sans-serif bold capital eta 	u+1d75c	1d75c
𝝝 mathematical sans-serif bold capital theta 	u+1d75d	1d75d
𝝞 mathematical sans-serif bold capital iota 	u+1d75e	1d75e
𝝟 mathematical sans-serif bold capital kappa 	u+1d75f	1d75f
𝝠 mathematical sans-serif bold capital lamda 	u+1d760	1d760
𝝡 mathematical sans-serif bold capital mu 	u+1d761	1d761
𝝢 mathematical sans-serif bold capital nu 	u+1d762	1d762
𝝣 mathematical sans-serif bold capital xi 	u+1d763	1d763
𝝤 mathematical sans-serif bold capital omicron 	u+1d764	1d764
𝝥 mathematical sans-serif bold capital pi 	u+1d765	1d765
𝝦 mathematical sans-serif bold capital rho 	u+1d766	1d766
𝝧 mathematical sans-serif bold capital theta symbol 	u+1d767	1d767
𝝨 mathematical sans-serif bold capital sigma 	u+1d768	1d768
𝝩 mathematical sans-serif bold capital tau 	u+1d769	1d769
𝝪 mathematical sans-serif bold capital upsilon 	u+1d76a	1d76a
𝝫 mathematical sans-serif bold capital phi 	u+1d76b	1d76b
𝝬 mathematical sans-serif bold capital chi 	u+1d76c	1d76c
𝝭 mathematical sans-serif bold capital psi 	u+1d76d	1d76d
𝝮 mathematical sans-serif bold capital omega 	u+1d76e	1d76e
𝝯 mathematical sans-serif bold nabla 	u+1d76f	1d76f
𝝰 mathematical sans-serif bold small alpha 	u+1d770	1d770
𝝱 mathematical sans-serif bold small beta 	u+1d771	1d771
𝝲 mathematical sans-serif bold small gamma 	u+1d772	1d772
𝝳 mathematical sans-serif bold small delta 	u+1d773	1d773
𝝴 mathematical sans-serif bold small epsilon 	u+1d774	1d774
𝝵 mathematical sans-serif bold small zeta 	u+1d775	1d775
𝝶 mathematical sans-serif bold small eta 	u+1d776	1d776
𝝷 mathematical sans-serif bold small theta 	u+1d777	1d777
𝝸 mathematical sans-serif bold small iota 	u+1d778	1d778
𝝹 mathematical sans-serif bold small kappa 	u+1d779	1d779
𝝺 mathematical sans-serif bold small lamda 	u+1d77a	1d77a
𝝻 mathematical sans-serif bold small mu 	u+1d77b	1d77b
𝝼 mathematical sans-serif bold small nu 	u+1d77c	1d77c
𝝽 mathematical sans-serif bold small xi 	u+1d77d	1d77d
𝝾 mathematical sans-serif bold small omicron 	u+1d77e	1d77e
𝝿 mathematical sans-serif bold small pi 	u+1d77f	1d77f
𝞀 mathematical sans-serif bold small rho 	u+1d780	1d780
𝞁 mathematical sans-serif bold small final sigma 	u+1d781	1d781
𝞂 mathematical sans-serif bold small sigma 	u+1d782	1d782
𝞃 mathematical sans-serif bold small tau 	u+1d783	1d783
𝞄 mathematical sans-serif bold small upsilon 	u+1d784	1d784
𝞅 mathematical sans-serif bold small phi 	u+1d785	1d785
𝞆 mathematical sans-serif bold small chi 	u+1d786	1d786
𝞇 mathematical sans-serif bold small psi 	u+1d787	1d787
𝞈 mathematical sans-serif bold small omega 	u+1d788	1d788
𝞉 mathematical sans-serif bold partial differential 	u+1d789	1d789
𝞊 mathematical sans-serif bold epsilon symbol 	u+1d78a	1d78a
𝞋 mathematical sans-serif bold theta symbol 	u+1d78b	1d78b
𝞌 mathematical sans-serif bold kappa symbol 	u+1d78c	1d78c
𝞍 mathematical sans-serif bold phi symbol 	u+1d78d	1d78d
𝞎 mathematical sans-serif bold rho symbol 	u+1d78e	1d78e
𝞏 mathematical sans-serif bold pi symbol 	u+1d78f	1d78f
𝞐 mathematical sans-serif bold italic capital alpha 	u+1d790	1d790
𝞑 mathematical sans-serif bold italic capital beta 	u+1d791	1d791
𝞒 mathematical sans-serif bold italic capital gamma 	u+1d792	1d792
𝞓 mathematical sans-serif bold italic capital delta 	u+1d793	1d793
𝞔 mathematical sans-serif bold italic capital epsilon 	u+1d794	1d794
𝞕 mathematical sans-serif bold italic capital zeta 	u+1d795	1d795
𝞖 mathematical sans-serif bold italic capital eta 	u+1d796	1d796
𝞗 mathematical sans-serif bold italic capital theta 	u+1d797	1d797
𝞘 mathematical sans-serif bold italic capital iota 	u+1d798	1d798
𝞙 mathematical sans-serif bold italic capital kappa 	u+1d799	1d799
𝞚 mathematical sans-serif bold italic capital lamda 	u+1d79a	1d79a
𝞛 mathematical sans-serif bold italic capital mu 	u+1d79b	1d79b
𝞜 mathematical sans-serif bold italic capital nu 	u+1d79c	1d79c
𝞝 mathematical sans-serif bold italic capital xi 	u+1d79d	1d79d
𝞞 mathematical sans-serif bold italic capital omicron 	u+1d79e	1d79e
𝞟 mathematical sans-serif bold italic capital pi 	u+1d79f	1d79f
𝞠 mathematical sans-serif bold italic capital rho 	u+1d7a0	1d7a0
𝞡 mathematical sans-serif bold italic capital theta symbol 	u+1d7a1	1d7a1
𝞢 mathematical sans-serif bold italic capital sigma 	u+1d7a2	1d7a2
𝞣 mathematical sans-serif bold italic capital tau 	u+1d7a3	1d7a3
𝞤 mathematical sans-serif bold italic capital upsilon 	u+1d7a4	1d7a4
𝞥 mathematical sans-serif bold italic capital phi 	u+1d7a5	1d7a5
𝞦 mathematical sans-serif bold italic capital chi 	u+1d7a6	1d7a6
𝞧 mathematical sans-serif bold italic capital psi 	u+1d7a7	1d7a7
𝞨 mathematical sans-serif bold italic capital omega 	u+1d7a8	1d7a8
𝞩 mathematical sans-serif bold italic nabla 	u+1d7a9	1d7a9
𝞪 mathematical sans-serif bold italic small alpha 	u+1d7aa	1d7aa
𝞫 mathematical sans-serif bold italic small beta 	u+1d7ab	1d7ab
𝞬 mathematical sans-serif bold italic small gamma 	u+1d7ac	1d7ac
𝞭 mathematical sans-serif bold italic small delta 	u+1d7ad	1d7ad
𝞮 mathematical sans-serif bold italic small epsilon 	u+1d7ae	1d7ae
𝞯 mathematical sans-serif bold italic small zeta 	u+1d7af	1d7af
𝞰 mathematical sans-serif bold italic small eta 	u+1d7b0	1d7b0
𝞱 mathematical sans-serif bold italic small theta 	u+1d7b1	1d7b1
𝞲 mathematical sans-serif bold italic small iota 	u+1d7b2	1d7b2
𝞳 mathematical sans-serif bold italic small kappa 	u+1d7b3	1d7b3
𝞴 mathematical sans-serif bold italic small lamda 	u+1d7b4	1d7b4
𝞵 mathematical sans-serif bold italic small mu 	u+1d7b5	1d7b5
𝞶 mathematical sans-serif bold italic small nu 	u+1d7b6	1d7b6
𝞷 mathematical sans-serif bold italic small xi 	u+1d7b7	1d7b7
𝞸 mathematical sans-serif bold italic small omicron 	u+1d7b8	1d7b8
𝞹 mathematical sans-serif bold italic small pi 	u+1d7b9	1d7b9
𝞺 mathematical sans-serif bold italic small rho 	u+1d7ba	1d7ba
𝞻 mathematical sans-serif bold italic small final sigma 	u+1d7bb	1d7bb
𝞼 mathematical sans-serif bold italic small sigma 	u+1d7bc	1d7bc
𝞽 mathematical sans-serif bold italic small tau 	u+1d7bd	1d7bd
𝞾 mathematical sans-serif bold italic small upsilon 	u+1d7be	1d7be
𝞿 mathematical sans-serif bold italic small phi 	u+1d7bf	1d7bf
𝟀 mathematical sans-serif bold italic small chi 	u+1d7c0	1d7c0
𝟁 mathematical sans-serif bold italic small psi 	u+1d7c1	1d7c1
𝟂 mathematical sans-serif bold italic small omega 	u+1d7c2	1d7c2
𝟃 mathematical sans-serif bold italic partial differential 	u+1d7c3	1d7c3
𝟄 mathematical sans-serif bold italic epsilon symbol 	u+1d7c4	1d7c4
𝟅 mathematical sans-serif bold italic theta symbol 	u+1d7c5	1d7c5
𝟆 mathematical sans-serif bold italic kappa symbol 	u+1d7c6	1d7c6
𝟇 mathematical sans-serif bold italic phi symbol 	u+1d7c7	1d7c7
𝟈 mathematical sans-serif bold italic rho symbol 	u+1d7c8	1d7c8
𝟉 mathematical sans-serif bold italic pi symbol 	u+1d7c9	1d7c9
𝟊 mathematical bold capital digamma 	u+1d7ca	1d7ca
𝟋 mathematical bold small digamma 	u+1d7cb	1d7cb
𝟌 defined in unicode	u+1d7cc	1d7cc
𝟍 defined in unicode	u+1d7cd	1d7cd
𝟎 mathematical bold digit zero 	u+1d7ce	1d7ce
𝟏 mathematical bold digit one 	u+1d7cf	1d7cf
𝟐 mathematical bold digit two 	u+1d7d0	1d7d0
𝟑 mathematical bold digit three 	u+1d7d1	1d7d1
𝟒 mathematical bold digit four 	u+1d7d2	1d7d2
𝟓 mathematical bold digit five 	u+1d7d3	1d7d3
𝟔 mathematical bold digit six 	u+1d7d4	1d7d4
𝟕 mathematical bold digit seven 	u+1d7d5	1d7d5
𝟖 mathematical bold digit eight 	u+1d7d6	1d7d6
𝟗 mathematical bold digit nine 	u+1d7d7	1d7d7
𝟘 mathematical double-struck digit zero 	u+1d7d8	1d7d8
𝟙 mathematical double-struck digit one 	u+1d7d9	1d7d9
𝟚 mathematical double-struck digit two 	u+1d7da	1d7da
𝟛 mathematical double-struck digit three 	u+1d7db	1d7db
𝟜 mathematical double-struck digit four 	u+1d7dc	1d7dc
𝟝 mathematical double-struck digit five 	u+1d7dd	1d7dd
𝟞 mathematical double-struck digit six 	u+1d7de	1d7de
𝟟 mathematical double-struck digit seven 	u+1d7df	1d7df
𝟠 mathematical double-struck digit eight 	u+1d7e0	1d7e0
𝟡 mathematical double-struck digit nine 	u+1d7e1	1d7e1
𝟢 mathematical sans-serif digit zero 	u+1d7e2	1d7e2
𝟣 mathematical sans-serif digit one 	u+1d7e3	1d7e3
𝟤 mathematical sans-serif digit two 	u+1d7e4	1d7e4
𝟥 mathematical sans-serif digit three 	u+1d7e5	1d7e5
𝟦 mathematical sans-serif digit four 	u+1d7e6	1d7e6
𝟧 mathematical sans-serif digit five 	u+1d7e7	1d7e7
𝟨 mathematical sans-serif digit six 	u+1d7e8	1d7e8
𝟩 mathematical sans-serif digit seven 	u+1d7e9	1d7e9
𝟪 mathematical sans-serif digit eight 	u+1d7ea	1d7ea
𝟫 mathematical sans-serif digit nine 	u+1d7eb	1d7eb
𝟬 mathematical sans-serif bold digit zero 	u+1d7ec	1d7ec
𝟭 mathematical sans-serif bold digit one 	u+1d7ed	1d7ed
𝟮 mathematical sans-serif bold digit two 	u+1d7ee	1d7ee
𝟯 mathematical sans-serif bold digit three 	u+1d7ef	1d7ef
𝟰 mathematical sans-serif bold digit four 	u+1d7f0	1d7f0
𝟱 mathematical sans-serif bold digit five 	u+1d7f1	1d7f1
𝟲 mathematical sans-serif bold digit six 	u+1d7f2	1d7f2
𝟳 mathematical sans-serif bold digit seven 	u+1d7f3	1d7f3
𝟴 mathematical sans-serif bold digit eight 	u+1d7f4	1d7f4
𝟵 mathematical sans-serif bold digit nine 	u+1d7f5	1d7f5
𝟶 mathematical monospace digit zero 	u+1d7f6	1d7f6
𝟷 mathematical monospace digit one 	u+1d7f7	1d7f7
𝟸 mathematical monospace digit two 	u+1d7f8	1d7f8
𝟹 mathematical monospace digit three 	u+1d7f9	1d7f9
𝟺 mathematical monospace digit four 	u+1d7fa	1d7fa
𝟻 mathematical monospace digit five 	u+1d7fb	1d7fb
𝟼 mathematical monospace digit six 	u+1d7fc	1d7fc
𝟽 mathematical monospace digit seven 	u+1d7fd	1d7fd
𝟾 mathematical monospace digit eight 	u+1d7fe	1d7fe
𝟿 mathematical monospace digit nine 	u+1d7ff	1d7ff
⅐ vulgar fraction one seventh 	u+2150	2150
⅑ vulgar fraction one ninth 	u+2151	2151
⅒ vulgar fraction one tenth 	u+2152	2152
⅓ vulgar fraction one third 	u+2153	2153
⅔ vulgar fraction two thirds 	u+2154	2154
⅕ vulgar fraction one fifth 	u+2155	2155
⅖ vulgar fraction two fifths 	u+2156	2156
⅗ vulgar fraction three fifths 	u+2157	2157
⅘ vulgar fraction four fifths 	u+2158	2158
⅙ vulgar fraction one sixth 	u+2159	2159
⅚ vulgar fraction five sixths 	u+215a	215a
⅛ vulgar fraction one eighth 	u+215b	215b
⅜ vulgar fraction three eighths 	u+215c	215c
⅝ vulgar fraction five eighths 	u+215d	215d
⅞ vulgar fraction seven eighths 	u+215e	215e
⅟ fraction numerator one 	u+215f	215f
Ⅰ roman numeral one 	u+2160	2160
Ⅱ roman numeral two 	u+2161	2161
Ⅲ roman numeral three 	u+2162	2162
Ⅳ roman numeral four 	u+2163	2163
Ⅴ roman numeral five 	u+2164	2164
Ⅵ roman numeral six 	u+2165	2165
Ⅶ roman numeral seven 	u+2166	2166
Ⅷ roman numeral eight 	u+2167	2167
Ⅸ roman numeral nine 	u+2168	2168
Ⅹ roman numeral ten 	u+2169	2169
Ⅺ roman numeral eleven 	u+216a	216a
Ⅻ roman numeral twelve 	u+216b	216b
Ⅼ roman numeral fifty 	u+216c	216c
Ⅽ roman numeral one hundred 	u+216d	216d
Ⅾ roman numeral five hundred 	u+216e	216e
Ⅿ roman numeral one thousand 	u+216f	216f
ⅰ small roman numeral one 	u+2170	2170
ⅱ small roman numeral two 	u+2171	2171
ⅲ small roman numeral three 	u+2172	2172
ⅳ small roman numeral four 	u+2173	2173
ⅴ small roman numeral five 	u+2174	2174
ⅵ small roman numeral six 	u+2175	2175
ⅶ small roman numeral seven 	u+2176	2176
ⅷ small roman numeral eight 	u+2177	2177
ⅸ small roman numeral nine 	u+2178	2178
ⅹ small roman numeral ten 	u+2179	2179
ⅺ small roman numeral eleven 	u+217a	217a
ⅻ small roman numeral twelve 	u+217b	217b
ⅼ small roman numeral fifty 	u+217c	217c
ⅽ small roman numeral one hundred 	u+217d	217d
ⅾ small roman numeral five hundred 	u+217e	217e
ⅿ small roman numeral one thousand 	u+217f	217f
ↀ roman numeral one thousand c d 	u+2180	2180
ↁ roman numeral five thousand 	u+2181	2181
ↂ roman numeral ten thousand 	u+2182	2182
Ↄ roman numeral reversed one hundred 	apostrophic c , claudian antisigma	2183
ↄ latin small letter reversed c 	u+2184	2184
ↅ roman numeral six late form 	u+2185	2185
ↆ roman numeral fifty early form 	u+2186	2186
ↇ roman numeral fifty thousand 	u+2187	2187
ↈ roman numeral one hundred thousand 	u+2188	2188
↉ vulgar fraction zero thirds 	u+2189	2189
↊ turned digit two 	u+218a	218a
↋ turned digit three 	u+218b	218b
↌ defined in unicode	u+218c	218c
↍ defined in unicode	u+218d	218d
↎ defined in unicode	u+218e	218e
↏ defined in unicode	u+218f	218f
